analyzing,-0.3269278737
wishful,-0.6146099461
plastic,-0.8377534975
attended,-0.3269278737
holding,2.0709673991
advances,-1.0200750543
champions,2.8511259567
compete,-0.0756134454
answered,-0.8377534975
logos,-1.5309006780
religion,0.0785372344
florida,0.5305223582
event,-0.7969315029
advanced,-2.7248231465
joke,0.2326879142
cage,0.9948279663
jet,-1.4854383039
generation,-1.7540442293
arthur,-1.4255401624
alternate,0.0785372344
timed,0.0785372344
portland,1.2571922308
told,-0.4447109094
possibly,0.0139987133
answer,-0.8908633228
regard,0.0785372344
meet,-0.6752345680
evolution,-0.9022920186
spew,-0.6146099461
european,0.1607753326
quality,0.4532306839
somebody,0.1838977501
retiring,0.0785372344
dynamic,-0.3269278737
rev,0.4840023425
vastly,0.0785372344
piss,0.3662193069
john,1.6626573389
greg,1.9111186982
ignorance,0.6846730380
biggest,1.8461991521
mathematics,-1.4619078065
drawing,-0.1037843224
relief,-1.0200750543
elephants,0.0785372344
ronald,-0.6146099461
times,-0.2481469958
timer,-1.9363657861
promoted,0.9948279663
guard,0.0785372344
grew,-0.3269278737
ignore,-0.7323929818
f,-1.7338415220
enjoyed,0.9948279663
g,0.6529681081
formally,0.0785372344
d,0.4570948896
heck,-0.1037843224
e,-0.0110749243
b,0.3149260125
c,0.4735310427
illegal,-0.3914663948
confused,-0.7687606260
slated,0.7716844150
n,-0.3463459596
o,-0.8949119113
l,1.6502348189
cutting,-0.7687606260
m,-0.0549941582
join,0.8457923871
j,-0.4253679465
k,-1.6262108578
h,0.2077489659
taking,-0.3269278737
w,0.3496900049
analyze,-1.1742257341
v,-2.0999952099
ref,2.3811223274
u,0.1655486114
red,1.2541105642
days,-0.9296909928
r,0.3263733983
peoples,0.0785372344
q,0.7716844150
confuses,0.0785372344
accurately,-0.6146099461
p,-0.0580383006
rem,0.4840023425
z,0.5203699867
zone,1.8492432944
y,0.9258350948
x,-0.5574515323
britain,0.5893628582
rep,0.0785372344
basis,-0.7199704618
banning,-0.3269278737
drop,-0.6146099461
exception,0.5305223582
took,0.8798979996
observers,-0.9510821828
echo,-0.2091448380
trapped,-0.8377534975
updated,-0.9022920186
basic,-1.7460120576
priority,0.1963202701
description,0.4268439287
reputation,-0.3269278737
tony,1.2571922308
jan,1.3515029102
stating,-0.4322883894
tons,-1.8673729146
involves,-0.2091448380
tops,-1.3077571267
station,-2.5533516057
automatic,0.0785372344
belongs,0.0785372344
double,0.6975764428
jay,0.3662193069
criticism,-0.2091448380
preferred,-0.2091448380
much,-0.1765239199
country,-0.5680899305
involved,-0.8038519458
speech,-1.6262108578
miscellaneous,0.3662193069
weary,0.0785372344
areas,-2.3781985384
fewer,0.3662193069
orders,-1.0200750543
span,-0.9022920186
update,-0.5680899305
raw,-0.3269278737
grab,1.1771495231
ray,-0.4098155335
horse,0.5893628582
spectators,0.0785372344
complaints,-1.7132222348
business,0.0785372344
completely,0.6091654855
twin,-1.1742257341
possible,-0.7215820657
following,-0.5720503317
especially,0.0785372344
supplement,0.0785372344
chris,2.0479778809
reached,-1.8673729146
dives,0.0785372344
andrew,1.7961887315
updates,-0.4322883894
unrelated,0.0785372344
assigned,-0.4322883894
magnitude,-0.8377534975
colleague,0.0785372344
finished,1.5826146312
inflated,-0.3269278737
sodium,-1.0200750543
torn,-0.3269278737
hello,0.4840023425
entire,-0.1446063169
advantage,1.1081566516
ran,-0.6946526538
female,0.7716844150
anyone,-0.3888032774
royal,0.4840023425
peace,-1.0200750543
brown,1.3548307003
adding,-0.5092494305
nursing,0.4840023425
broadway,1.1771495231
durham,1.3313002029
attacking,0.0785372344
jobs,-0.8769742106
lower,-0.4520910167
amateur,-2.7248231465
rock,-0.4680064720
rewrite,0.0785372344
help,-0.0060201536
bones,-0.3269278737
hampton,0.4840023425
border,0.0785372344
rpi,0.0785372344
element,-0.9022920186
elect,0.0785372344
interpreted,0.0785372344
support,-1.4255401624
preparation,-1.0200750543
ron,0.1924814938
ment,0.0785372344
roy,3.5125244389
job,0.5138553057
assured,-0.3269278737
dominant,-0.6146099461
row,0.6381530223
rob,1.1199911092
suppose,-1.8673729146
avenue,-0.8769742106
branch,-1.0200750543
western,0.0785372344
probabilities,0.0785372344
todd,1.2825100387
upon,-1.5019131411
television,-0.0167729454
maturity,-0.8377534975
assistance,-1.1742257341
joy,-0.6146099461
rumors,0.5305223582
thought,0.3921947933
easily,-0.3269278737
road,-0.2697694599
space,-5.4734528885
express,-0.3269278737
decision,0.9658404294
ascii,-1.0200750543
hmmm,-0.2091448380
joe,1.7731329552
tests,-2.0417263018
destroyed,-0.6146099461
boys,0.9258350948
eventual,0.0785372344
rather,-0.1626248224
jon,-0.6146099461
publicity,-0.6146099461
construction,-1.0846135754
aimed,-0.6146099461
held,-0.0392458012
marketing,-1.7597422505
responding,0.6381530223
officials,-0.0549941582
enormous,-1.6262108578
hell,1.6425127728
helps,-0.4322883894
suggestions,-0.1727771939
recall,-0.8659243744
worried,0.0785372344
keith,1.2486084871
telephone,-2.3193580384
warning,-1.1254355699
truly,0.3016807857
dish,-0.2091448380
single,-1.0200750543
monday,0.6091654855
sludge,0.9948279663
disk,-1.1742257341
entered,0.6663238993
every,0.2028349511
eight,-0.4604592663
disc,0.0785372344
jim,1.1394091951
mckenzie,0.9948279663
lewis,-1.7132222348
whine,0.0785372344
thompson,0.4840023425
writes,-0.0219332960
writer,-0.9022920186
penalty,3.5442731372
analyst,0.0785372344
joint,-2.5241524510
reviews,-0.3269278737
characterized,0.0785372344
hero,0.9948279663
starters,0.0785372344
contract,0.4641997152
clothes,0.4840023425
easier,1.0340486794
philosophy,-1.6262108578
tightens,0.0785372344
designated,0.5305223582
exciting,1.0340486794
interference,0.8894674506
violent,0.0785372344
montreal,4.0005105707
manipulate,0.0785372344
rockets,-2.9817335603
security,-1.4255401624
eighties,0.0785372344
menschen,0.0785372344
sight,0.3016807857
corresponding,-0.6146099461
disagreement,0.0785372344
stephen,-0.4810785535
fulltime,0.0785372344
develop,-2.4063694154
jeopardize,0.0785372344
rip,-0.3269278737
dive,0.0785372344
generating,-1.0200750543
einstien,0.4840023425
offer,-0.3567808368
fought,0.4840023425
looked,0.6663238993
rid,0.0785372344
joel,0.9258350948
sponsored,0.0785372344
advance,-0.0549941582
feeds,0.0785372344
appear,-0.7481413388
discussion,-1.0608970488
understand,0.0015761933
speculate,0.0785372344
maintain,-0.3269278737
conducted,-0.6146099461
flow,-1.1254355699
omitted,-0.3269278737
production,-0.8769742106
lick,-1.1742257341
exactly,-0.0084741426
although,0.2685808373
moreorless,0.4840023425
permanently,-1.0200750543
declined,0.4840023425
appeal,0.0785372344
secondly,0.9948279663
signs,-0.6146099461
terribly,-0.6146099461
nowhere,-0.3269278737
laugh,1.8702967036
republican,0.0785372344
swedish,1.5826146312
inherently,-1.1742257341
discussing,1.1771495231
suggest,0.3298516627
calls,0.3016807857
loaded,0.4840023425
teams,3.1594273163
system,-2.7800858252
thirty,-1.0200750543
disagreements,0.0785372344
terrible,1.1771495231
favor,0.0785372344
charlie,2.0244473835
advocate,0.7716844150
cheap,0.2326879142
indicates,-0.5574515323
eliminate,0.0785372344
deadline,0.3016807857
andor,-1.1254355699
buddy,0.0785372344
press,-0.5439923789
sort,-1.3077571267
biases,0.0785372344
minimum,-0.7323929818
lies,-0.8377534975
expensive,-1.9691556090
ivy,1.5826146312
charles,0.7251643993
run,-0.6453816048
odds,0.9948279663
absolute,-0.4322883894
perry,0.7716844150
scrapped,0.0785372344
life,-2.2350976948
significant,-1.4131176424
truth,0.0785372344
worked,0.5485408637
moscow,-1.3077571267
pick,2.5316951859
candidates,-0.7323929818
builds,0.4840023425
trust,0.7716844150
contrary,0.0785372344
insults,-0.8377534975
distinguishing,0.0785372344
works,-0.8377534975
michigan,1.8702967036
remain,-2.1727545642
printed,0.0785372344
insult,1.3313002029
rated,-0.9022920186
overly,0.7716844150
world,-0.1773961397
geophysics,0.4840023425
become,-0.7687606260
emergency,-1.0200750543
requiring,-0.2091448380
must,-0.3914663948
necessarily,0.0785372344
carl,-0.1037843224
decades,-1.4255401624
unwilling,0.4840023425
friends,0.3016807857
curious,-0.6146099461
considering,-0.1037843224
carr,0.0785372344
care,-0.7323929818
card,-0.7323929818
christopher,-0.3269278737
assuming,-0.5574515323
agreed,0.9948279663
nichols,1.1771495231
newsletter,-0.0549941582
saved,0.2608587912
spark,0.4840023425
casings,-0.3269278737
rumor,0.5893628582
lightning,0.9723551104
filmed,0.4840023425
cast,0.0785372344
argued,0.0785372344
cash,0.2608587912
unlikely,-0.1626248224
case,-0.6650407998
thumb,-0.2091448380
early,-0.0586638871
attempt,-1.4412885193
insure,-1.0200750543
aero,-0.6146099461
performance,-0.2316176939
pigs,0.4840023425
accidental,-0.3269278737
successive,0.0785372344
advantages,-0.4322883894
strength,-0.8377534975
raving,0.4840023425
helped,0.6663238993
soon,0.3236596924
personally,0.7716844150
outfits,-0.3269278737
seven,0.9052158076
charge,-1.6442293633
counted,0.7716844150
pipeline,0.0785372344
sons,-0.6146099461
universities,-1.5309006780
instructed,0.7716844150
sad,0.3016807857
amazed,0.0785372344
everything,-0.7016213231
imply,0.4840023425
feels,0.8894674506
zero,-1.8673729146
stanford,0.5305223582
draw,0.5485408637
camp,-0.4810785535
stock,0.3662193069
sadly,-1.1742257341
benefitted,0.0785372344
drive,-1.0741422755
performing,-1.5309006780
penguin,1.5826146312
working,-1.3800777883
pine,0.4840023425
sole,0.0785372344
thousands,-2.4864121230
sold,0.0095443629
topic,-0.3269278737
cancelled,0.0785372344
matters,-0.1037843224
jets,3.2669538518
like,-0.1005109970
receiving,-0.3914663948
showered,0.0785372344
happened,0.7251643993
san,1.8228944647
cant,0.7716844150
grown,-0.2091448380
sat,-0.1446063169
sas,1.8131382898
combination,-0.7099201260
say,0.5988416021
proposing,-1.0200750543
saw,0.9475750814
years,-0.4471309624
outside,-0.5633166518
stream,-0.6146099461
cape,1.6879751468
chaisson,1.1771495231
assembly,-1.5954391992
constantly,0.0785372344
centers,-2.0809470149
line,1.1236608381
fortunate,0.3662193069
weber,0.0785372344
words,0.4840023425
ohio,0.7716844150
reminded,0.7716844150
buying,-1.6262108578
maintains,-0.2091448380
opposed,-0.9330636773
fighter,-0.3269278737
jerk,0.4840023425
applying,0.0785372344
corner,2.5634438842
pros,1.1771495231
boards,1.8702967036
remind,0.7716844150
arrange,-0.6146099461
broken,0.3662193069
caps,2.7175945640
injury,2.2380214838
zeta,0.0785372344
afterwards,0.0785372344
remark,0.4150094710
connected,-1.0200750543
overcome,-0.3269278737
posts,-0.5574515323
honestly,-0.3269278737
concerns,-0.6146099461
heat,-1.3877998344
sources,-2.9659852033
function,-0.7969315029
contrast,-1.6262108578
additions,0.4840023425
hear,0.1897628695
contributing,0.0785372344
toward,-1.7132222348
shutting,0.4840023425
fund,-2.5956114150
yearly,-0.3269278737
head,0.7272326524
robert,-0.3463459596
sure,0.2371422646
cake,0.0785372344
nasty,0.0785372344
rewarded,0.4840023425
wants,0.9114463573
streak,1.3313002029
lift,-0.7323929818
policy,-1.8673729146
town,0.9948279663
media,-0.2781377095
golden,-0.1221334611
characters,0.7716844150
calm,1.1771495231
call,0.6113417649
demands,0.0785372344
gross,0.4840023425
paper,-1.1070864312
breaks,0.7716844150
burton,0.4840023425
pundits,0.0785372344
temporary,-1.0200750543
ruling,0.3662193069
currently,-1.3324497393
pipe,0.0785372344
hanging,0.3016807857
another,-0.0612247080
raymond,0.5893628582
full,-0.1958996113
prentice,0.0785372344
august,-2.2240478586
making,0.1681493931
corps,-0.3269278737
students,-0.8769742106
check,0.7291248006
ultimately,0.7716844150
century,-2.1186873429
resumes,0.0785372344
came,1.1414314405
addition,-1.5309006780
teach,-0.6146099461
soft,-0.6146099461
noise,-1.3077571267
richer,1.7525136680
target,-0.6752345680
facing,0.4352121784
group,-0.1401519666
average,0.5893628582
formula,-0.8377534975
thumbs,1.4648315955
advertisers,-1.4255401624
featured,0.4840023425
wait,1.4284639514
lesser,0.7716844150
becoming,-0.2399164967
located,-1.7932649425
began,0.0785372344
contribution,1.6879751468
something,-0.3161169576
black,-0.7424433177
asked,0.3561689710
sfca,-0.4322883894
entrepreneurs,-0.3269278737
patterns,-0.3269278737
moving,0.1738474142
death,-0.4322883894
demonstrated,0.3662193069
salaries,0.0785372344
accumulating,0.0785372344
cities,1.8131382898
impress,0.9948279663
view,-0.7905006126
explain,-1.3565472909
owners,1.9030865265
deserve,1.3313002029
decent,1.5826146312
pursuing,-0.6146099461
handling,-0.6146099461
six,0.7399357167
naive,0.0785372344
stein,2.1579787761
programming,-0.7099201260
slightly,-0.9330636773
minneapolis,1.4648315955
smoking,0.0785372344
entries,0.6381530223
suns,0.6381530223
joining,0.0785372344
france,2.6434865919
laboratories,0.2608587912
italy,1.3907236234
announcement,-0.6146099461
postponed,0.9948279663
whatsoever,-0.8377534975
boat,0.4840023425
backing,-0.3269278737
talked,0.2326879142
represent,-0.1446063169
yards,0.4840023425
amazing,1.2571922308
history,-0.7270879296
sit,1.3313002029
sir,-1.0200750543
forever,-0.3269278737
deeper,0.0785372344
stands,0.5893628582
background,-2.2240478586
nothing,0.2763629777
returned,-0.8152806416
readonly,0.0785372344
comments,0.8669945948
bound,0.7716844150
sig,0.0785372344
body,-0.5323718479
thru,-1.0200750543
kea,0.0785372344
confusing,-0.1446063169
stupid,0.5749741207
impossible,-1.7932649425
enough,-0.2539027387
cleveland,1.2825100387
sender,-0.2091448380
rocket,-2.2420663641
ken,-0.2351203244
reaching,-1.1254355699
paying,0.4840023425
everybody,0.9658404294
wrench,0.0785372344
light,-2.7377265513
key,-0.2961562150
keywords,-0.8377534975
walt,0.4840023425
german,0.8323090368
contractual,0.4352121784
agent,1.2825100387
topped,0.0785372344
executive,0.6663238993
sca,0.7716844150
bastard,0.0785372344
better,0.5800169958
containing,-0.2091448380
meetings,-1.0200750543
walk,0.9258350948
wall,-1.7132222348
invention,-0.6146099461
reread,0.0785372344
saying,-0.1311832966
vice,-0.3269278737
department,-0.7481413388
set,-0.3653941545
consensus,0.3662193069
kinetic,0.7716844150
flying,-1.4095398210
organization,-1.4378102550
carrying,-1.5954391992
wake,0.7716844150
arguing,0.9948279663
touched,0.4150094710
demonstrates,0.3016807857
individuals,0.1585799421
funny,-1.1742257341
landed,-1.3877998344
andy,1.0770660645
sei,-1.4255401624
see,0.2648668126
suit,-0.4322883894
fringe,-0.2091448380
manages,0.4840023425
parking,1.1771495231
william,-1.0200750543
fell,0.4840023425
manager,-0.1221334611
stations,-0.3914663948
nine,-0.9330636773
concern,-0.7099201260
council,-0.4322883894
confirmed,-0.2579350022
convenience,-0.3269278737
deliver,-0.4322883894
terry,0.9948279663
rejected,-0.8377534975
combine,-0.3269278737
weekend,-0.1037843224
anybody,-0.0885168503
worth,0.2269572395
programs,-2.2240478586
structure,-2.7836636465
church,0.0785372344
rescheduled,0.4840023425
charging,0.7716844150
submitted,-0.4322883894
channels,-1.0200750543
son,-0.3269278737
steps,-0.3269278737
erik,0.0785372344
excluding,0.4840023425
managed,0.0785372344
earlier,0.3662193069
funds,-1.5954391992
russian,-0.9383970232
confident,0.4840023425
experienced,0.3662193069
eric,1.5826146312
bringing,-1.5309006780
delivery,-1.5309006780
records,0.9258350948
scott,1.2977775109
satellite,-4.1699580076
spectacular,0.4150094710
raised,0.3662193069
experiences,0.0785372344
subject,0.1114251013
plenty,0.9258350948
pictures,-2.1727545642
followed,-0.2399164967
hammer,0.9948279663
looking,-0.3269278737
apparent,-1.3077571267
allowing,0.0785372344
zealand,-1.6560638210
makings,0.0785372344
pointless,0.7716844150
usual,-0.3269278737
scout,-1.3877998344
belonging,0.0785372344
larger,-1.4720601780
stern,1.1771495231
inaccurate,-0.6146099461
succeeds,0.0785372344
barry,0.7716844150
hunter,1.4366607186
waivers,0.0785372344
attached,-1.3077571267
within,-1.3385287854
pointing,-1.5309006780
qualified,-0.9022920186
replacement,-1.0200750543
cause,-0.0015054733
second,0.9730541667
deeply,0.4840023425
firmly,-0.3269278737
study,-2.3853160062
computing,-0.6146099461
atlanta,1.2571922308
middle,0.6175337351
displaying,0.2608587912
shipping,-1.1742257341
looks,-0.0839816951
level,-0.6336581411
results,0.1695090126
wings,2.5784817616
someone,-0.0690987644
sets,-0.9629166404
arctic,0.7716844150
faults,-0.2091448380
november,-0.2316176939
appropriate,-0.7099201260
controlled,-1.5309006780
doubt,0.1273273986
suck,1.0593664874
offering,-0.4322883894
favorites,0.0785372344
league,3.8114335739
amherst,0.0785372344
pieces,-1.1742257341
digex,-2.3781985384
stuff,-0.5680899305
mother,-1.6262108578
conventional,-1.6262108578
thin,-1.2432186056
included,-1.6131387763
release,-1.5954391992
mcdowell,0.0785372344
equivalent,-1.5309006780
appreciate,0.5485408637
concept,-1.9024642345
parity,-0.8377534975
recognized,-0.3269278737
gibson,1.7832853267
scope,-0.1037843224
recalled,1.0593664874
erosion,-0.3269278737
becomes,-0.1838270301
investor,-1.5309006780
includes,-1.1001177619
episodes,0.0785372344
affect,0.7716844150
smaller,-2.0009043073
suffered,0.5893628582
online,-2.1727545642
radically,-0.3269278737
swept,0.0785372344
steve,2.0934402550
real,-0.5872109720
considerations,0.9948279663
deflection,0.0785372344
read,-0.6146099461
treated,0.0785372344
stuck,0.5485408637
stevens,2.1066854817
various,-2.5956114150
seats,1.4648315955
exhibition,1.3313002029
giants,0.9258350948
evolve,-0.8377534975
worst,1.5826146312
premium,0.0785372344
rear,0.0785372344
octopus,0.9948279663
taught,0.0785372344
adequately,0.0785372344
worse,0.2503874913
away,0.5265619569
felt,0.3662193069
revolutionary,-0.3269278737
eating,-1.0200750543
helsinkifi,0.7716844150
wrong,0.0229673833
remained,-0.2091448380
worry,0.0785372344
skins,0.7716844150
dolan,0.0785372344
guide,-1.8673729146
hughes,0.2608587912
tuberlinde,0.0785372344
passed,0.8586957920
fight,1.9756572193
specialist,-1.4255401624
wrote,0.1298305288
received,-0.0466259085
passes,0.0785372344
fortunately,-0.8377534975
occurs,-1.0200750543
turning,-1.1742257341
showed,0.7418314518
scheme,-0.6146099461
reduced,0.0785372344
snow,1.0593664874
points,1.8176529702
happen,0.3839188840
opportunities,1.9111186982
brain,-1.3077571267
piece,-0.6946526538
turn,-0.6146099461
hardworking,0.0785372344
checkbook,0.0785372344
roots,-0.3269278737
builder,-0.3269278737
snowball,0.0785372344
organized,-0.9022920186
favorite,1.1081566516
marred,-0.3269278737
afraid,0.9948279663
dropped,-0.0015054733
simpson,0.4840023425
refs,0.2326879142
reagan,0.7716844150
dunno,1.3313002029
fellow,0.0785372344
ways,-0.6836028176
born,0.0785372344
figuring,-0.6146099461
common,-2.1186873429
estimate,-1.0200750543
differences,-0.9022920186
resulting,0.0785372344
figure,-0.5720503317
dieter,0.4840023425
renegotiate,-0.3269278737
civil,-0.8377534975
assess,0.3662193069
whenever,0.0785372344
crisis,0.0785372344
bricks,0.0785372344
seeds,-0.2091448380
proceeded,0.4840023425
mostly,-1.3877998344
direct,-2.1727545642
reduces,-0.3269278737
byron,0.7716844150
later,0.1681493931
predicted,-1.7132222348
jun,-1.6262108578
fault,-1.2207457497
breakthrough,0.0785372344
combined,-0.1037843224
lucky,1.0901381461
succumb,0.0785372344
falls,2.0709673991
bennett,0.0785372344
clarke,1.2236695387
runs,-0.1221334611
fear,0.0785372344
detail,-1.8673729146
questionable,-0.2091448380
brian,1.0717890074
toronto,2.4580833685
terms,0.3196992912
encounter,-1.7132222348
loose,0.0785372344
robinson,0.0785372344
contacts,0.9948279663
affected,-0.6146099461
commit,-0.3269278737
soviet,-2.3193580384
timing,0.0785372344
instance,-0.4322883894
showers,0.0785372344
networks,-0.2399164967
unable,0.0785372344
canada,3.3366337724
association,-0.6146099461
frederick,0.0785372344
jerry,-0.0756134454
relation,-0.8377534975
white,-1.0200750543
willing,-0.2579350022
worthy,0.0785372344
properly,-1.3077571267
assets,0.0785372344
generated,-0.8377534975
efforts,-0.7687606260
previously,-0.3914663948
sue,0.0785372344
model,-2.6295129667
cries,0.4840023425
minority,-1.0200750543
engineering,-2.1550549871
infinity,-1.4255401624
sun,-1.7639945602
circles,0.0785372344
sailed,0.0785372344
halls,0.0785372344
complete,-0.9893033956
brinkley,0.0785372344
feed,-0.4604592663
severe,-0.3269278737
outstanding,0.9948279663
feel,0.4202865281
girls,0.4840023425
rush,1.7832853267
crucial,0.2326879142
expanding,0.4840023425
feet,-1.6560638210
promise,-0.4322883894
descent,-0.8377534975
fees,-0.3269278737
recovery,-1.1742257341
variety,-1.3077571267
lindroos,0.5893628582
flaming,0.3662193069
beaten,0.3662193069
reid,-0.8377534975
whoever,1.6879751468
grow,-0.2091448380
listing,-0.8377534975
service,-3.0125052189
circuit,-0.3269278737
claim,0.4233777207
tight,-1.0200750543
blind,0.0785372344
brief,-1.6262108578
costly,0.0785372344
selfish,0.9948279663
suffering,1.2825100387
accept,-0.4322883894
motivation,-0.3269278737
bring,-0.4322883894
eastwood,0.9948279663
sales,-2.2728380228
repo,-0.4810785535
weather,-1.6078617192
false,-0.6146099461
prizes,-0.3269278737
choose,0.5893628582
speaking,-0.0268232812
contenders,0.7716844150
wind,-2.4471914099
memoriam,0.0785372344
wing,2.3811223274
memorial,1.0901381461
others,-0.7758780937
national,-0.7296792759
prevent,-0.2091448380
director,-1.1536064469
putting,-0.1327718593
ward,-0.0756134454
language,-0.4322883894
wins,1.8277370892
episode,1.2825100387
america,0.1326044557
failed,-0.6554319407
separated,-0.7687606260
mentioned,0.8204745791
rarely,0.7716844150
seems,-0.0596131041
title,0.2861765992
respective,-0.8377534975
latter,-0.0167729454
accurate,-1.2207457497
boston,4.3893363598
reno,0.4840023425
rent,0.4840023425
contracts,-0.7424433177
plaque,0.7716844150
want,-0.5149801052
hence,-0.1446063169
edge,-0.8659243744
rely,0.4150094710
heaven,0.0785372344
access,-2.8659017448
developers,0.0785372344
munching,0.0785372344
directory,-1.7540442293
directors,-0.3269278737
based,-1.2564638323
steam,-1.0200750543
users,-1.4255401624
diet,0.3662193069
wish,-0.6686771674
wise,-0.3269278737
mcdonald,1.1771495231
anyway,0.5793125223
nationally,0.0785372344
turned,0.3969909655
sliding,0.4840023425
died,-0.6146099461
directly,-0.8087659606
newsgroup,-0.9330636773
thrown,1.8702967036
wire,0.4840023425
expressed,-0.3914663948
class,-1.0915340182
property,-1.3877998344
sense,-1.0200750543
staying,-1.1742257341
stalled,-0.3269278737
northern,-0.6146099461
winning,2.3192469237
window,-1.0200750543
responsibilities,-0.8377534975
popular,-0.8769742106
wave,-1.1742257341
beating,1.7832853267
rest,0.3860219342
friend,-0.2091448380
feelings,0.4840023425
bryan,1.8277370892
stop,-0.3269278737
warm,-0.4322883894
voice,0.4840023425
interests,0.6381530223
behaviour,-0.3269278737
merely,0.1738474142
pretty,0.6846730380
coast,0.2608587912
rule,-0.0885168503
triple,0.4840023425
dick,1.1771495231
mean,0.2685808373
graphics,-0.3269278737
africa,-0.8377534975
baker,1.4648315955
office,-0.8038519458
marine,0.3662193069
mistake,1.8702967036
ducauburn,-0.3269278737
matter,-0.2781377095
naturally,0.9948279663
steel,-0.6146099461
domestic,0.4840023425
deals,-0.3269278737
rules,0.0213788206
ruled,-0.4322883894
entry,0.2503874913
book,-1.5954391992
bright,-1.6644320706
incompatible,-0.6146099461
tend,-0.1446063169
parts,-1.8673729146
creates,-0.6146099461
party,-0.2091448380
colour,-0.3269278737
compared,-0.2468851660
created,-0.3269278737
levels,-2.4471914099
ahem,0.0785372344
judgement,0.4840023425
salary,2.0244473835
intelligence,-1.3877998344
else,-0.5905123946
immigrants,0.0785372344
offers,-0.5092494305
deserves,0.9258350948
respectively,-1.4255401624
stupidity,-0.3269278737
project,-3.5764406680
bit,-0.4010358459
hpcom,2.5634438842
opening,0.8406772865
bitter,0.4840023425
sick,0.4840023425
big,0.0353650625
myriad,0.0785372344
bills,0.0785372344
fwiw,0.4840023425
mistakes,0.9948279663
knowledge,-0.9431140131
unique,-0.2579350022
uiucedu,1.1771495231
interested,-0.7789129974
training,-1.1742257341
concerned,-1.0200750543
toilet,0.0785372344
side,0.0785372344
nocturnal,0.0785372344
tell,-0.2781377095
interesting,-1.0789155543
boulevard,-0.3269278737
define,-1.4255401624
stir,0.0785372344
keys,-0.6146099461
choices,0.3662193069
morning,-0.4139392507
burning,-1.3077571267
enthusiasts,0.0785372344
yelling,0.4840023425
informal,0.0785372344
kurt,0.7716844150
strongly,-1.1742257341
precise,-1.6262108578
shooting,0.7716844150
ham,-0.3269278737
physical,-1.7620123990
bob,2.1579787761
precisely,-1.3077571267
kerr,1.6879751468
drinking,0.4840023425
broadcast,0.5710137195
cruise,-1.7132222348
backs,-0.6146099461
hat,1.6879751468
planet,-3.5850244117
helsinki,1.7832853267
friday,0.0785372344
contributions,0.3298516627
spectrum,-1.2207457497
colors,0.3016807857
georgia,-1.6262108578
rivers,-0.3269278737
virtually,-0.2091448380
sign,-0.9510821828
refuse,0.0785372344
processed,0.9948279663
gotten,0.2455913191
supplemental,0.7716844150
talks,-0.9022920186
obtained,-0.2091448380
measure,-1.0846135754
membership,-1.1742257341
wondered,-0.6146099461
legitimate,-0.4810785535
granted,0.8669945948
exercise,0.3016807857
tested,-0.9330636773
response,-0.8659243744
balls,-1.7132222348
pat,-0.5253788124
controversy,0.4840023425
statements,0.0785372344
name,0.7716844150
altogether,0.7716844150
showing,0.7716844150
pay,-0.0612247080
drifted,0.4840023425
tonight,0.8669945948
facilities,-1.9138929303
music,0.3662193069
sites,-1.0200750543
thomson,0.0785372344
pad,-2.3638098010
messed,0.0785372344
depend,-0.2091448380
informed,0.3662193069
authorize,0.0785372344
therefore,-1.4619078065
neither,0.4840023425
never,0.4287396638
approaching,0.0785372344
streaks,-0.4322883894
blows,0.4840023425
box,-0.4810785535
categories,-0.8377534975
boy,0.0785372344
eternal,0.4840023425
knowing,0.2326879142
somehow,-0.5500714250
verify,-0.1446063169
programmer,0.0785372344
package,-1.6560638210
involve,-0.7323929818
highlight,0.0785372344
calculation,0.3662193069
nagging,0.4840023425
retirement,-0.3269278737
minnesota,3.7798392085
hey,1.0593664874
awesome,1.5826146312
among,-0.3809950950
desperate,0.0785372344
het,-2.3638098010
blown,-0.9022920186
fouled,-0.6146099461
everyone,-0.4322883894
phi,3.9071786309
bbs,-0.1446063169
listed,-0.0549941582
spots,0.9258350948
final,1.2571922308
bag,0.0785372344
career,1.8702967036
hopes,-1.0200750543
pointed,-0.2579350022
bad,0.8798979996
dixon,0.0785372344
prone,-0.1037843224
flagship,0.9948279663
inclined,0.0785372344
decisions,0.9258350948
curcio,1.5826146312
bay,1.4803357821
performed,-1.7460120576
hoped,-0.3269278737
furthermore,-1.0200750543
bar,-0.3269278737
newspaper,1.1771495231
columbia,-0.3269278737
spout,0.0785372344
icing,-0.3269278737
proof,0.0785372344
normally,-0.6946526538
subscribe,0.1963202701
unless,-0.3694874881
supported,-0.5405019740
butt,1.2825100387
hierarchy,0.0785372344
listen,0.0785372344
products,-1.3683817485
diagrams,-0.3269278737
greatly,-1.1742257341
kept,0.7026915435
louis,2.3586494716
enthusiasm,0.0785372344
stay,0.8161361775
criteria,-0.8377534975
creature,-1.1254355699
beautiful,-0.7687606260
star,-1.3077571267
pdt,-1.1742257341
brings,0.3662193069
tech,-0.4810785535
stat,2.4764325072
judging,0.9948279663
reasoning,-1.0200750543
per,-0.4948087463
begun,-0.4322883894
stan,1.8702967036
twist,0.4840023425
force,-1.0200750543
closely,-0.7323929818
headers,0.0785372344
indefinite,0.0785372344
tougher,1.1771495231
difficulty,-0.8377534975
since,-0.1598737890
type,-0.6946526538
changed,0.8517271226
motivated,-0.3269278737
angles,-1.4255401624
remainder,-0.3269278737
miracles,-0.6146099461
hit,1.0503978174
practically,-0.2091448380
tear,1.1771495231
primary,-1.5309006780
exact,-0.2891875457
fusion,-2.1186873429
medicine,-0.8377534975
required,-1.8673729146
onto,-0.4322883894
beg,-0.3269278737
restriction,-0.6146099461
bed,0.0785372344
kinds,-0.1037843224
means,-0.3857683737
meant,-0.4322883894
enter,-1.0200750543
team,2.4561983538
rogers,-0.2091448380
owned,0.9948279663
dinner,-0.6146099461
paul,0.6583557297
kinda,-0.7687606260
whole,-0.7258355813
bet,0.1475301059
owner,2.3811223274
surely,0.3662193069
christian,1.4648315955
meaningful,0.4840023425
goods,0.0785372344
quick,-0.7099201260
calgary,4.2056716195
digest,-2.0615289291
roger,3.4685613155
considered,-0.3914663948
roller,0.9258350948
cunningham,-0.3269278737
contracted,-0.3269278737
path,-1.6262108578
east,0.5093201505
bid,-0.3269278737
revenue,0.9948279663
annual,-0.7323929818
political,-1.9583446928
added,-0.7199704618
colorado,-1.0665950699
agreement,0.3662193069
play,4.0595531113
modify,-0.8377534975
francisco,1.0340486794
sport,2.8193772583
embarrassed,-0.3269278737
bloom,0.7716844150
past,0.2151127694
pie,0.4840023425
pass,0.9695101583
pig,0.4840023425
thunderbirds,0.3662193069
objectives,-1.1254355699
football,1.2825100387
plan,-1.5555932906
typo,-0.3269278737
night,0.7260143781
competitive,0.5893628582
proud,0.3662193069
navy,0.8894674506
earn,0.4840023425
consistent,-1.0200750543
challenging,0.4840023425
step,-1.2023966111
energy,-3.5590489253
changes,-1.5701213912
matched,0.7716844150
nice,1.3313002029
pop,-0.6146099461
admiral,0.7716844150
countries,-1.2207457497
formerly,0.5893628582
tenant,-0.3269278737
olympics,0.3016807857
quantity,0.0785372344
devotion,0.4840023425
gonna,0.7716844150
responsibility,-0.0268232812
integrate,0.0785372344
exits,0.0785372344
prove,-0.9510821828
revenues,-0.7687606260
vote,-0.0756134454
heads,0.4150094710
finland,3.4107417446
blood,-0.0549941582
became,-0.9022920186
quiet,1.1771495231
pricing,0.0785372344
standby,-0.6146099461
nick,-2.7836636465
alfred,0.3662193069
downey,-0.6146099461
surprise,1.9503394113
offered,0.3409014989
complex,-2.0809470149
god,0.3016807857
coordination,-1.0200750543
irrelevant,0.7716844150
useless,-0.4810785535
american,0.2567854658
depending,-1.0200750543
best,1.4854508827
gold,0.8894674506
closeup,-1.8673729146
definitely,0.7716844150
site,-0.9594504324
unfortunately,-0.1446063169
whatever,-0.5092494305
divide,0.3662193069
historically,-0.8377534975
bulk,-0.3269278737
repeated,-0.8377534975
indications,-1.0200750543
gmt,-1.1742257341
grabbed,-0.3269278737
gave,1.1081566516
challenge,0.2608587912
sits,-1.0200750543
sorry,0.5352956369
october,-1.1452381972
simon,-1.0200750543
posters,-0.6146099461
week,-0.0124345438
proportion,0.4840023425
demons,-0.3269278737
bouncing,0.7716844150
percent,-1.8673729146
taylor,1.6879751468
busy,-0.3269278737
doug,0.9577866946
good,0.3909119195
discussions,-1.0200750543
preserved,0.0785372344
closest,-1.5309006780
bush,0.0785372344
incorrect,-0.1037843224
control,-2.1802452359
loads,-1.4255401624
imagine,-0.8659243744
blatent,-0.6146099461
meaningless,0.0785372344
whose,-0.4604592663
electric,-0.9022920186
burt,2.0244473835
behind,1.6879751468
bury,0.4840023425
possibility,-0.1626248224
gone,0.8204745791
moments,0.0785372344
leaders,2.2186033979
economic,-1.5309006780
difference,0.1897628695
whereas,1.1771495231
scheduled,-0.8828739327
awards,0.9948279663
got,1.2571922308
sorts,-1.6262108578
immediately,-0.2579350022
car,-1.1742257341
cap,0.0785372344
stability,-1.0200750543
initially,0.4840023425
slashed,0.7716844150
cal,4.1560746783
attention,-0.6146099461
sounds,-0.6590617087
naming,1.4648315955
argue,0.3016807857
cbs,-0.1446063169
tricky,-0.2091448380
tricks,0.4840023425
oops,-0.2091448380
extended,-0.3914663948
reference,-1.6793206831
immediate,-0.1446063169
reminds,-0.8377534975
anything,-0.0392458012
coverage,1.3313002029
learned,-1.5309006780
ordered,-1.0200750543
dayton,0.7716844150
actual,-0.8769742106
weak,0.3298516627
latest,-1.7932649425
somewhat,-0.6946526538
wear,0.3016807857
clause,-0.3269278737
competition,1.1771495231
curve,-0.3269278737
underwriters,0.4840023425
shannon,0.9540059718
people,-0.3021127046
beyond,-1.7672894561
distances,-2.0615289291
bugs,-0.4322883894
shadow,0.4840023425
initiate,0.0785372344
parks,0.0785372344
kipling,-1.0200750543
fifty,0.0785372344
mercury,-3.2713668529
spending,-1.7132222348
games,4.2467516452
alberta,2.0934402550
mainly,-0.3914663948
heights,-0.6146099461
everytime,0.0785372344
planning,-2.1550549871
princeton,-0.7323929818
alcohol,0.0785372344
backed,0.4840023425
syndrome,-0.3269278737
suddenly,0.3662193069
disqualified,0.0785372344
put,0.2085903627
block,-1.3877998344
switch,1.1771495231
atlantic,-0.4920076241
paris,-0.1446063169
twice,0.1963202701
craig,0.6250809408
flawed,-0.6146099461
rationale,0.0785372344
resigned,0.9948279663
fifth,1.3313002029
guy,1.7112320090
theme,0.4840023425
established,-0.6146099461
btw,0.4840023425
excited,0.0785372344
contribute,-0.3914663948
statistically,0.4840023425
gun,-2.3638098010
improving,0.4840023425
swift,1.2825100387
despite,0.6490820929
discomfort,-0.3269278737
managers,-0.4322883894
bus,-1.7132222348
hurting,0.4840023425
buy,-0.7163926405
amongst,-0.2091448380
travel,-1.4619078065
used,-1.2142310687
preserve,0.0785372344
hovering,0.0785372344
geology,-1.3077571267
exhibited,-0.2091448380
beer,0.0785372344
kelly,1.9756572193
longer,-0.6146099461
totally,-0.4968269105
swing,0.2326879142
situations,0.2608587912
connection,-1.6262108578
shifts,0.0785372344
ambassadors,-0.3269278737
majority,-0.1838270301
alaska,-0.1446063169
stronger,0.9258350948
patrick,2.3222818274
paint,-0.6146099461
strip,-0.8377534975
compuserve,-0.6146099461
jump,0.0785372344
picture,-0.0549941582
denotes,0.7716844150
smack,0.0785372344
stretch,1.4648315955
diving,0.0785372344
russell,0.4840023425
exposure,-1.3877998344
wells,-1.1742257341
gary,0.7716844150
june,-1.3485791212
movies,0.0785372344
calling,1.7525136680
archivename,-2.0615289291
north,0.7365930952
complicated,-0.1446063169
turns,-0.2579350022
upper,-1.3077571267
sharing,0.0785372344
hopeful,-0.3269278737
traded,3.4629274978
acceptance,0.4840023425
exist,-0.8659243744
columbus,0.0785372344
university,-0.1477758917
beginning,-0.5405019740
incredible,-0.4322883894
leadership,0.1738474142
sweeping,0.7716844150
touted,0.4840023425
keyword,2.1579787761
potential,-0.6946526538
bye,-0.3269278737
threeyear,0.0785372344
begin,0.3149260125
tower,-1.6262108578
quite,0.0258935009
uses,-2.5241524510
user,-2.0615289291
incredibly,-0.7687606260
jointly,-0.3269278737
river,0.0785372344
clients,0.0785372344
predicting,-0.2091448380
reliable,-0.6146099461
said,0.2625408774
predictions,1.3313002029
fw,0.0785372344
noted,-1.4796073836
college,1.0340486794
bullshit,0.7716844150
intensity,-0.3269278737
jeff,1.4330828972
ge,0.0785372344
mitch,1.3313002029
lord,-0.2091448380
storm,0.3298516627
continued,0.3298516627
ga,1.2949325587
gb,0.7716844150
lore,0.0785372344
politics,-1.1742257341
story,-0.3632955179
fm,-0.3269278737
references,-2.6295129667
fl,-0.4322883894
solely,-0.6146099461
divisional,1.7832853267
ft,-1.6560638210
government,-2.0146976294
deep,-1.2564638323
breath,-0.4322883894
wiped,-0.3269278737
administrations,0.0785372344
promised,-0.6146099461
papers,-0.6146099461
ha,1.2825100387
gabriel,0.0785372344
projects,-2.7836636465
gm,4.8866482644
magic,1.1771495231
air,-1.6605785013
keeping,-0.9022920186
immense,0.0785372344
go,0.8766023548
continues,-0.2579350022
idea,-1.0089017537
satisfy,0.0785372344
raise,-0.2579350022
superior,0.8894674506
exclusive,0.0785372344
indicate,-1.0200750543
excellent,0.4840023425
yee,-0.8377534975
ed,0.2120686270
de,-1.5891695861
stops,0.4840023425
faster,-0.9775154398
consider,-0.6146099461
domain,-0.6146099461
current,-0.3269278737
left,1.2163702362
affecting,-0.3269278737
sheer,0.0785372344
deck,-0.3269278737
shutdown,-0.3269278737
dr,-2.9003879208
weekly,-0.7687606260
bear,-1.7132222348
intensive,-0.6146099461
look,-0.1814202900
violence,0.9948279663
needs,0.1655486114
exceptional,0.0785372344
gain,-2.1186873429
yes,0.2077489659
independent,-1.0200750543
eg,-1.3877998344
recovered,-0.6146099461
beam,-1.5954391992
legs,1.4648315955
en,0.6381530223
em,1.0901381461
et,-0.8597324042
notes,0.0785372344
ago,-0.1291021304
angeles,1.8702967036
er,-1.4255401624
yet,-0.0756134454
ca,0.1015267526
player,4.7560280820
normal,-0.2781377095
qualifying,-0.3269278737
versus,-0.8377534975
norman,0.4840023425
stone,-0.8377534975
plays,2.3811223274
lone,0.7716844150
dear,0.3662193069
long,-0.7099201260
bs,0.0785372344
exploring,-1.5309006780
deal,1.1165249013
dean,0.9948279663
capture,-1.1742257341
oclock,-0.3269278737
tommy,1.0593664874
bb,-0.0756134454
dead,-0.4322883894
depends,-0.3269278737
bc,0.5893628582
wichita,1.9503394113
seeing,0.6975764428
stellar,-0.9022920186
likely,-0.4520910167
strictly,-0.4322883894
ct,-0.3269278737
cs,2.6995760585
decided,0.3886921627
co,-0.2781377095
cm,0.0785372344
maximum,-0.7864602031
trash,-1.2207457497
suggestion,-1.1742257341
ch,0.0785372344
roman,2.2186033979
phase,-2.3193580384
lend,0.0785372344
eliminated,1.1771495231
cc,0.4840023425
andreas,0.4840023425
collect,-1.3077571267
cd,0.8669945948
icy,-1.0200750543
sensation,-0.6146099461
existing,-1.3077571267
routine,-1.3077571267
expects,0.3016807857
accused,0.7716844150
stole,-0.2091448380
statistics,0.6663238993
contributed,0.5893628582
hands,0.3298516627
generally,-0.8659243744
attractive,-0.3269278737
ice,1.7221665116
uunet,-1.5309006780
prints,-0.6146099461
appeared,0.4840023425
members,-1.1110468325
sample,-1.4619078065
projected,-1.4255401624
crap,2.0244473835
diego,0.7716844150
contributes,0.0785372344
requirement,-0.8377534975
speed,-1.3077571267
houston,-0.7323929818
prediction,0.0785372344
leverage,-0.6146099461
game,4.9522066734
sponsor,-1.0200750543
promising,-0.8377534975
memory,-0.9629166404
av,0.3662193069
ak,-0.7687606260
draft,3.6527537802
al,1.0901381461
topics,-1.0200750543
ai,-0.9022920186
color,-1.3077571267
michael,0.0407969064
cooperative,-1.1742257341
approach,-2.2568376814
ad,-2.6295129667
expands,0.0785372344
manner,-0.6146099461
accompany,0.0785372344
aa,0.0785372344
badly,-0.2091448380
staged,-0.6146099461
forget,0.0179126126
ah,-0.7687606260
nt,0.4238686215
abc,1.7435449980
ns,-0.2579350022
newly,-0.6146099461
door,-1.2207457497
iii,-0.2891875457
ny,1.6879751468
fixed,-1.7932649425
bother,1.6189822754
forgotten,0.5893628582
slime,0.0785372344
rouse,0.9948279663
correct,-0.1446063169
ob,0.0785372344
om,-0.6146099461
idiot,0.7716844150
ok,0.3409014989
activities,-2.9418876517
ol,0.9948279663
commercial,-3.0677678976
move,1.0128464718
wonderful,-1.1742257341
oh,0.4395505799
ot,3.4458330644
maybe,0.0263514812
commitment,-0.1446063169
done,-0.9330636773
cliff,0.7716844150
questions,-0.5879416991
colin,0.7716844150
board,-0.0885168503
ussr,-0.6146099461
oz,1.1771495231
committee,-0.9147145386
committed,-0.6146099461
dont,0.3662193069
pa,0.7716844150
month,0.0785372344
pm,-0.4968269105
crossed,0.9258350948
bodies,-2.5605200952
po,-0.1446063169
comment,0.4352121784
small,-1.5985593265
fastest,0.0785372344
region,-1.7132222348
expert,0.9948279663
ln,-0.3269278737
plans,-0.7016213231
ll,0.1851469695
reportedly,-0.3269278737
dominated,1.3778202185
crew,-2.6623027895
gradually,-0.6146099461
aside,-0.7687606260
publishes,0.3662193069
quarters,0.4840023425
ma,-1.0200750543
shipped,-0.4322883894
unbelievable,-0.4322883894
mf,-0.3269278737
published,-2.3638098010
outrageous,0.0785372344
situation,-0.0839816951
mi,-0.4322883894
completed,-0.7099201260
backup,0.5485408637
stepped,-0.6146099461
mr,-0.6146099461
requesting,0.4840023425
collected,-0.2091448380
masterpiece,0.0785372344
product,-0.7323929818
na,-1.3077571267
wayne,1.8131382898
specified,-0.9022920186
nb,0.4840023425
additional,-1.4619078065
paneuropean,-0.3269278737
ne,-0.2091448380
item,-1.8673729146
account,0.0785372344
bitch,0.0785372344
earth,-5.0364580750
archive,-1.8673729146
nj,4.1560746783
produce,-1.3077571267
described,-2.2240478586
jean,1.1771495231
technology,-4.0158073278
nicholls,2.2757618117
jr,1.3313002029
recognition,1.1771495231
studies,-2.7546761096
fatigue,0.4840023425
caused,-1.1254355699
love,0.4268439287
accomplished,-1.1742257341
kg,-2.5605200952
inc,-1.8383853778
mayer,0.0785372344
age,-0.8769742106
value,-0.7016213231
spell,-0.4322883894
everywhere,-0.2091448380
lots,-0.8377534975
trailing,0.0785372344
inf,0.5893628582
loud,0.3662193069
representing,0.0785372344
le,0.9948279663
douglas,-2.4063694154
ld,0.0785372344
settled,0.0785372344
la,3.5712497249
lightly,0.4840023425
dominates,0.0785372344
hr,-0.6146099461
parents,0.0785372344
lost,1.2156158039
moot,0.0785372344
sucked,0.7716844150
hv,0.9948279663
loss,-0.1086743077
ethics,-0.3269278737
commands,-0.8769742106
insight,-1.0200750543
listened,-0.6146099461
hi,0.7716844150
add,-1.6131387763
applicable,0.0785372344
enhanced,0.7716844150
hl,1.5826146312
playing,3.9703575325
amounted,0.0785372344
achieved,-2.2240478586
lmsclockheedcom,0.5893628582
resolved,-0.4322883894
crazy,0.3662193069
partners,-1.1742257341
blvd,-0.3269278737
ie,-0.4069705814
spent,-1.0564426984
ads,-1.3077571267
celebrate,0.4840023425
less,-0.4604592663
iv,-1.0200750543
afternoon,0.8894674506
ii,-0.0392458012
agency,-2.0732249688
quoted,-0.2091448380
loved,0.0785372344
ace,0.0785372344
customers,-1.7132222348
devil,0.0785372344
know,0.1825269479
spend,-1.5701213912
lose,0.9114463573
je,1.1771495231
electrical,-1.5309006780
quotes,0.0785372344
blue,1.6045935379
garrett,-0.3269278737
continent,0.8894674506
removed,-0.1446063169
necessary,-0.7099201260
local,-0.0306620576
act,-1.2651975123
lets,1.0901381461
smart,0.6381530223
postings,-0.4322883894
greater,-0.3269278737
knew,0.4462620145
binghamton,3.2565910648
viable,0.0785372344
winner,2.0244473835
norton,0.9948279663
ready,-0.0885168503
spot,-0.2091448380
encouraging,0.0785372344
washington,0.2979000629
umpire,0.0785372344
aluminum,-0.1446063169
forgot,0.9258350948
place,-0.3413166111
serious,-0.1327718593
nigel,0.7716844150
isnt,0.0785372344
international,-1.3367446636
wo,0.8288428288
paragraphs,0.0785372344
journey,-1.7132222348
builders,1.1771495231
loan,-0.8377534975
reads,-0.7323929818
pure,-1.1742257341
ownership,-0.6146099461
hot,0.9658404294
nearby,-1.5309006780
presume,0.0785372344
owns,1.6879751468
killed,-0.2579350022
accents,0.0785372344
choice,1.4648315955
give,0.1888852916
events,-0.9629166404
hardly,0.1838977501
desk,-0.4322883894
vs,4.4004599450
brought,0.9258350948
hart,0.8894674506
reasons,0.6250809408
vp,-0.3269278737
running,0.7716844150
executed,-0.3269278737
bevan,0.0785372344
critical,-1.1001177619
personal,-0.1838270301
easy,-0.4604592663
racing,0.4840023425
complained,0.4840023425
ve,0.2029914089
grade,1.6100136054
kills,-0.2091448380
blamed,0.0785372344
hard,0.6663238993
ability,-0.5405019740
scratch,0.0785372344
entitled,-0.8377534975
uk,-1.8185827505
park,1.5826146312
previous,0.2861765992
yale,0.2326879142
smith,0.9088855365
us,-1.2971375579
front,1.9392895751
suggested,-1.2207457497
philadelphia,3.2974130593
um,-0.3269278737
ahve,0.0785372344
reasonable,-1.1742257341
weeks,0.0297470702
colby,-0.3269278737
field,-3.1922983294
seconds,0.5352956369
stripped,0.7716844150
string,0.4840023425
tv,0.6937228735
hmm,0.0785372344
leapfrog,0.0785372344
slice,-0.3269278737
impressive,0.6846730380
part,-0.9722843904
happens,-0.6146099461
keep,-0.0726937353
afford,-1.0200750543
responds,0.0785372344
tm,2.6434865919
hall,1.5448743032
huh,-0.6146099461
pull,0.7716844150
baltimore,1.3778202185
half,-0.8377534975
round,1.9503394113
poorly,0.5893628582
handled,-0.2579350022
amount,-0.9431140131
europeans,2.5634438842
ta,0.3662193069
ss,0.0785372344
st,2.6370557015
dept,-0.0015054733
welcome,-0.7969315029
nearer,0.4840023425
bristol,0.4840023425
tickets,1.7832853267
text,-1.5954391992
sp,0.9258350948
submit,0.0785372344
impression,1.0593664874
sc,0.2120686270
effort,-0.9147145386
japanese,-2.4864121230
providing,-2.0615289291
se,2.5352730072
sh,3.0229762136
socalled,-0.3269278737
nation,-1.8673729146
reduce,-0.6146099461
helpful,-0.6146099461
james,-0.3489067804
finish,0.8894674506
spun,-0.3269278737
input,0.0785372344
natural,-2.2240478586
rw,3.0989621206
birthday,0.0785372344
forum,-0.4322883894
acknowledge,-0.2091448380
rm,1.7525136680
trade,1.9030865265
outlined,0.0785372344
repeat,-1.1742257341
optimistic,-0.3269278737
hang,0.0785372344
rd,-1.0200750543
appears,-0.8087659606
journal,-2.6295129667
hand,0.1499961984
reach,-2.1550549871
competing,-0.3269278737
shut,-0.1626248224
prince,-0.2091448380
daytoday,0.4840023425
four,-0.0241169196
bunch,0.7716844150
plain,0.0785372344
drawn,0.0785372344
institution,-0.6146099461
defense,0.8968475579
separate,-1.3077571267
track,-1.7540442293
knocking,0.7716844150
school,0.8323090368
mighty,1.2571922308
legged,-0.8377534975
provided,-1.4030673065
praise,1.3313002029
grades,-1.1742257341
pp,3.5566956572
ps,1.2681213013
forth,-0.4322883894
shell,0.0785372344
examine,-0.3269278737
disclaimer,-0.9330636773
test,-2.4471914099
excuse,0.6175337351
sucking,0.0785372344
applies,-1.0200750543
insist,0.7716844150
sarcastic,0.0785372344
addressed,0.4150094710
whether,0.7010668478
city,1.1894196157
expect,-0.0326884007
course,-0.1703588130
airport,0.4840023425
open,0.0272439400
midnight,0.5893628582
page,-1.1742257341
describe,-0.4322883894
initiated,-1.8673729146
shelf,-1.3077571267
arm,0.9948279663
refused,0.7716844150
brutal,0.4840023425
plus,0.2752475287
problems,-0.9756232917
form,-0.8018214882
art,-1.1742257341
immaturity,0.0785372344
fort,2.3811223274
prepare,-0.3269278737
manned,-2.7546761096
present,-1.0665950699
plug,-0.6146099461
associations,0.0785372344
viewpoint,0.4840023425
ask,-0.2237436375
addresses,-1.1001177619
harder,0.4150094710
objectivity,0.4840023425
nova,0.0785372344
tomorrow,-0.4810785535
additionally,0.4840023425
dallas,2.9689089923
ship,-1.0200750543
institutions,-0.3269278737
courts,0.0785372344
plugging,0.0785372344
finally,0.4680020012
contact,0.8647748380
costs,-2.9171950391
mode,-2.0809470149
typical,-0.7969315029
paid,0.1526452066
fueled,-1.1742257341
southern,-0.1446063169
removing,0.0785372344
wasted,-1.7132222348
money,-0.3269278737
ford,0.0785372344
thomas,1.2271599437
logo,0.0785372344
apr,-0.7577107898
viewers,0.3016807857
bunny,0.0785372344
apt,-0.3269278737
apiece,-0.3269278737
hut,-0.3269278737
walked,0.9948279663
signed,2.0244473835
opponents,1.5826146312
haven,1.5826146312
speak,-1.9691556090
doomed,0.0785372344
point,0.3131094815
stanley,2.5869743816
neccessary,0.0785372344
walker,0.5893628582
attack,0.0785372344
outsiders,0.0785372344
decides,0.0785372344
hate,1.1771495231
foot,-1.3877998344
jersey,3.5750447959
little,0.0785372344
determination,-1.5309006780
show,0.4254081783
alive,-2.0615289291
shot,3.4713663664
fool,0.0785372344
though,0.4920995528
pushes,-0.6146099461
signing,1.1771495231
puts,0.5485408637
rings,-1.8310052705
proper,-1.7932649425
concerning,-0.1446063169
ave,-0.6146099461
curiousity,-0.3269278737
systems,-2.5694090426
except,-0.5033843110
consideration,-1.3077571267
technically,0.0785372344
rough,0.7716844150
producing,-0.4322883894
importance,-1.3877998344
food,-0.9022920186
identical,0.0785372344
specific,-2.0905164660
lousy,1.6879751468
agents,0.9948279663
aggressively,0.4840023425
ass,1.4002930744
object,-1.5309006780
push,0.5305223582
assistants,0.0785372344
fresh,0.0785372344
pads,-1.0200750543
ate,0.4840023425
operators,-0.6146099461
forms,-1.3077571267
attempting,0.0785372344
error,0.0785372344
ya,0.3662193069
att,-0.1037843224
lock,-0.3269278737
nearly,-0.2891875457
strategy,-0.2091448380
fold,-0.3269278737
shortterm,-0.3269278737
conclusions,-0.3269278737
george,-0.0839816951
term,-1.3683817485
mental,-0.1446063169
applied,-1.6262108578
guarantee,0.3016807857
pushed,0.6663238993
negative,-0.9022920186
disappear,0.7716844150
occur,-1.3077571267
president,0.5539609311
calculate,-0.4322883894
developed,-3.0125052189
chance,1.5056535901
rochester,1.2312167444
knock,-0.6146099461
thanks,0.1356956483
contributor,0.5893628582
nashville,-0.3269278737
movement,0.3016807857
role,0.7716844150
right,0.3808181063
bought,0.0785372344
kenny,0.5893628582
distinction,0.0785372344
evans,-0.7687606260
revisit,-0.2091448380
partial,-0.9330636773
cleared,-0.2091448380
fee,-1.2207457497
turnaround,-0.8377534975
fed,-0.6146099461
native,-0.6146099461
touch,0.3016807857
feb,-0.5275985692
arranged,-0.7687606260
justify,-0.6146099461
comparing,0.5485408637
secondary,0.4840023425
made,0.2575854659
glenn,2.0934402550
net,0.2828376979
usually,-0.7323929818
mention,-0.4520910167
foundation,-2.2728380228
displaced,0.0785372344
demanded,-0.8377534975
preferences,0.0785372344
classes,-0.3269278737
sweden,3.2284201878
markets,-0.8377534975
prospects,1.0901381461
enjoy,1.1771495231
essentially,-1.0200750543
broke,1.0901381461
new,0.0873478641
including,-0.9067463689
guess,0.0118458599
predict,0.9258350948
guest,-0.4322883894
marcu,0.7716844150
reluctant,0.4840023425
root,-0.3269278737
change,-0.7836862762
moves,1.3313002029
distributed,-2.1727545642
lead,1.0689359384
capital,0.2120686270
march,-1.0436055517
medical,-1.2207457497
height,-1.3077571267
personnel,-0.5092494305
marco,-1.0200750543
kicked,0.7716844150
fax,-1.0608970488
watch,1.5136217597
notable,0.0785372344
fat,0.0785372344
luck,0.4150094710
yesterday,-0.7481413388
faq,-2.5241524510
far,-0.1156187800
display,-0.3914663948
indicating,-1.3077571267
fan,3.0097309868
lacking,0.3662193069
roof,0.0785372344
lean,-0.3269278737
particularly,0.0785372344
often,-0.6146099461
elected,0.4840023425
tough,1.7207649697
active,-1.3767499982
opinions,-0.1037843224
make,0.0562314769
leap,-0.8377534975
room,-0.3269278737
olympic,2.1579787761
justice,0.7716844150
texas,-0.5405019740
indication,-0.4322883894
occasion,0.0785372344
tried,0.7251643993
vincent,1.1771495231
remarks,0.9948279663
steven,-0.1037843224
frozen,-1.0200750543
education,-0.2781377095
glen,0.0785372344
tries,0.4840023425
classic,1.0593664874
keeps,-0.4810785535
mail,-0.7146934047
laboratory,-1.8955437916
equal,0.7716844150
destiny,0.7716844150
highlights,0.9948279663
main,-1.0200750543
tremendous,-0.1037843224
moved,0.5893628582
expected,0.0359776200
obnoxious,-0.8377534975
nbc,0.0785372344
relations,-1.6262108578
rome,0.0785372344
freeze,-0.1446063169
inside,-0.7543718885
albeit,0.3662193069
assessment,0.4150094710
impressed,1.8702967036
carried,0.0272439400
glow,0.0785372344
obvious,-0.2091448380
asks,-0.6146099461
recently,-0.9022920186
empty,0.3662193069
oriented,-1.3877998344
report,-1.4355904982
nations,-1.8673729146
hill,0.3016807857
reported,-1.6442293633
ross,-0.0549941582
rose,0.3662193069
vacation,0.0785372344
session,-1.3077571267
needle,-0.6146099461
indeed,0.0785372344
weighing,-0.4322883894
waiver,-0.6146099461
europe,0.3886921627
phil,-0.4604592663
retired,0.7716844150
bored,1.5826146312
build,-1.4181051839
acquisition,0.3662193069
mountains,-0.8377534975
rolling,-0.4322883894
riding,0.4840023425
adjust,-0.6146099461
built,-2.0698971788
note,-0.6728788543
september,-0.8087659606
water,-2.0009043073
takers,0.0785372344
faith,0.7716844150
movie,-1.2207457497
fourth,1.1771495231
sending,0.7716844150
thinks,-0.0392458012
improvement,-0.3914663948
rooted,-0.2091448380
repost,0.3662193069
nose,-1.3077571267
patch,0.0785372344
apply,-0.3914663948
literally,0.5893628582
marks,-0.6146099461
newest,-0.6146099461
contains,-1.6262108578
almost,0.1273273986
rare,-1.3077571267
january,-0.6146099461
wonder,0.3196992912
action,0.1963202701
none,0.2921113347
nelson,2.0595387033
seriously,-0.2781377095
eye,-0.7099201260
cornell,0.5893628582
punch,0.4840023425
opposition,0.3662193069
damage,-0.9022920186
momentum,-0.6146099461
dictate,0.4840023425
arrangement,0.0785372344
corporate,-0.8377534975
restore,-0.2091448380
crushed,0.0785372344
apple,1.6879751468
dress,0.4840023425
mounted,-1.8673729146
drastic,0.0785372344
puzzling,0.4840023425
chairman,0.3016807857
scale,-2.1550549871
expansion,2.0934402550
noon,0.0785372344
circle,1.3515029102
silicon,-0.8377534975
rate,-2.2240478586
nope,0.4840023425
allows,-0.6946526538
major,-0.1305545634
hint,0.0785372344
problem,-1.2286198061
tended,-0.6146099461
daily,-0.3269278737
camped,0.0785372344
schedule,0.6846730380
things,-0.5672077073
spread,-1.5309006780
professionals,0.0785372344
limited,-0.2468851660
becuase,0.4840023425
etc,-0.7789129974
recieved,0.0785372344
blew,1.0593664874
basically,-1.1254355699
jones,0.9948279663
hide,0.0785372344
yeah,1.6366818525
est,1.6879751468
communicate,-0.2091448380
richard,1.1283593589
year,0.9234904278
entirely,0.0785372344
banners,0.7716844150
selling,-0.1446063169
relatively,-0.6146099461
california,-1.9024642345
msuedu,-0.8377534975
observer,-2.2240478586
drafted,1.3313002029
bottom,-0.0392458012
chaps,0.4840023425
makela,0.4840023425
fails,0.0785372344
chase,0.2608587912
substance,0.0785372344
slower,-0.7687606260
curtis,2.2186033979
strike,0.9948279663
viability,0.9948279663
written,-1.3683817485
denver,0.7716844150
procedure,0.0785372344
slowed,0.4840023425
longterm,-1.3877998344
carter,0.8894674506
regulars,0.9948279663
uptodate,0.6381530223
delayed,0.3662193069
admit,0.8257516362
young,1.6425127728
matt,0.7716844150
math,-0.0392458012
picked,2.3811223274
narrow,-0.8377534975
arguments,-0.6146099461
mount,-0.3269278737
grants,0.4840023425
equally,0.6381530223
purdue,0.3662193069
quickly,0.0785372344
reflect,-0.8377534975
progress,-0.3269278737
burger,1.6879751468
germans,1.3313002029
uucp,0.0785372344
reflected,0.0785372344
repeatedly,0.4840023425
deluca,0.4840023425
randy,3.0229762136
adopted,-0.3269278737
germany,2.2302994377
nonprofit,-1.5309006780
eliminating,0.0785372344
presented,-1.0846135754
china,-0.7687606260
shared,0.5893628582
scary,-0.8377534975
orange,-0.1446063169
watts,-1.1742257341
mouth,0.5893628582
youth,0.9948279663
blurb,-0.3269278737
places,-1.5954391992
dennis,-2.8118345235
madison,-0.3269278737
readership,-1.0200750543
email,-0.4427596892
constitutes,-1.0200750543
several,-1.3324497393
quarter,0.9948279663
legal,-1.5701213912
valid,-1.2207457497
famous,-0.7687606260
powers,0.0785372344
illinois,-0.4322883894
socks,0.0785372344
era,0.8517271226
leaving,0.9258350948
revive,0.0785372344
dirty,1.3778202185
bobby,2.9117505785
question,-0.1626248224
administrative,-0.8377534975
placed,-1.6262108578
community,-0.4069705814
engineer,-2.1727545642
adult,-0.6146099461
general,-1.3655766976
youre,0.8894674506
esa,-1.4900786835
representative,-1.0200750543
originally,-1.0846135754
effect,-0.8152806416
seasons,2.0244473835
err,0.4840023425
pretend,-0.8377534975
high,-0.4003553423
surface,-3.2246797389
towards,-0.8828739327
leaves,0.0785372344
guys,1.6626573389
elsewhere,-1.6262108578
info,-0.4322883894
mill,0.0785372344
significance,0.0785372344
accepted,-1.0200750543
represented,0.0785372344
mile,-1.8673729146
arrived,-0.9510821828
industry,-2.5956114150
exchange,0.0785372344
lineup,1.7832853267
random,-1.5309006780
approached,0.7716844150
non,0.3662193069
many,0.0165018435
bubble,0.0785372344
solid,-0.1933964811
collectors,0.0785372344
start,0.1239996085
covers,-1.3077571267
nov,-1.5309006780
stars,0.0440510583
prize,-1.1254355699
subscribers,0.0785372344
propaganda,-0.3269278737
range,-2.0809470149
translation,-0.8377534975
postscript,-0.6146099461
purposes,-1.1742257341
valley,0.4840023425
foolish,0.4840023425
watched,1.8702967036
attitude,-0.9893033956
blanket,1.3313002029
upset,-0.1727771939
contradicting,0.4840023425
probably,0.0528948038
starting,0.3149260125
mine,-0.3840862875
mind,-0.2091448380
tuesday,1.1283593589
district,1.5826146312
aggressive,1.1771495231
end,0.3432297886
slowly,-1.0200750543
observation,-1.3877998344
vent,0.4840023425
tremendously,0.4840023425
confidence,1.1771495231
already,-0.6146099461
process,-2.3343959158
really,0.2868342776
represents,-0.5092494305
proportional,-0.3269278737
successfully,-1.3877998344
bloody,0.0785372344
lowest,0.0785372344
mall,0.0785372344
reading,0.0272439400
italian,-1.3077571267
belong,0.9540059718
beliefs,0.4840023425
indicative,0.0785372344
beach,-0.0549941582
skip,1.1771495231
transit,-1.1742257341
skin,0.9948279663
mass,-3.8917546791
parties,0.0785372344
presently,1.1771495231
chief,-1.0200750543
throughout,0.0785372344
marc,1.4648315955
dream,0.2608587912
permission,-1.4255401624
mark,1.1991284298
commented,0.0785372344
comes,-0.3145053537
deleted,-0.1446063169
ninth,0.7716844150
knows,-0.1897267522
wrt,0.7716844150
injuries,2.7175945640
representation,0.7716844150
nother,0.0785372344
known,-1.4355904982
mary,-2.0615289291
administration,-2.1186873429
senior,-0.4810785535
jane,0.0785372344
decide,0.0785372344
someplace,0.0785372344
increased,-0.7099201260
stats,2.6812269199
issue,-0.5807083945
state,0.4439970079
thier,-0.3269278737
paraphrased,-0.3269278737
experiencing,0.0785372344
wow,0.8894674506
landing,-2.7546761096
details,-1.4030673065
designs,-1.0200750543
quote,-1.1001177619
increases,-0.6146099461
southeast,-0.3269278737
leader,0.0785372344
switzerland,2.9407381153
apparently,-0.6146099461
won,1.8886458423
nwuedu,-0.6146099461
blow,0.7716844150
brains,-0.3269278737
minutes,0.6208615252
hanson,0.7716844150
vision,-1.7672894561
tense,-0.3269278737
greatest,0.0785372344
geographical,0.7716844150
egypt,0.0785372344
misc,0.9258350948
goals,2.8511259567
beside,0.0785372344
address,-0.6717683600
dropping,-0.2091448380
special,-0.3269278737
miss,1.1771495231
educate,-0.4322883894
total,0.1000434396
need,-0.6249727332
using,-2.4973411936
mountain,-0.2579350022
benefit,-1.3077571267
fish,0.5893628582
higher,-0.6590617087
missing,0.6975764428
oconnor,-1.8673729146
free,0.4532306839
bleak,-0.3269278737
fred,-2.6940514878
oven,0.0785372344
accompanied,-0.8377534975
discrimination,0.7716844150
parent,-0.6146099461
unnecessary,1.1771495231
traveler,0.0785372344
number,-0.1066051987
worthless,1.1771495231
apart,-1.4255401624
smoke,0.0785372344
editor,-0.6146099461
scenario,-0.3269278737
february,-0.9199915957
privileged,0.0785372344
letters,-0.7323929818
consisting,-0.8377534975
flyer,0.7716844150
computer,-1.4854383039
typically,-1.2207457497
screw,1.1771495231
trouble,0.1585799421
division,2.6652265785
locations,-1.9363657861
could,-0.5557694461
computed,-0.6146099461
convincing,0.0785372344
sampled,-0.6146099461
barnes,1.3778202185
honored,0.0785372344
lawrence,0.5485408637
firm,-1.5309006780
converted,0.0785372344
ones,-0.3009523873
living,-0.2268444151
negotiations,0.3662193069
fire,-0.0015054733
hardest,0.7716844150
johnson,-0.4010358459
horribly,0.0785372344
proves,0.7716844150
proven,-0.4810785535
losing,1.4648315955
mike,1.8614860740
completion,-1.4255401624
taste,-0.1037843224
close,-0.1086743077
slight,0.0785372344
poll,1.5826146312
facts,-0.8377534975
broadcasting,-1.0200750543
opinion,0.3936182811
messageid,0.4840023425
proved,1.1771495231
claims,-0.3269278737
think,0.4985480535
roland,0.9948279663
occasionally,-0.6146099461
geo,-1.0200750543
populated,0.4840023425
get,0.3523739000
ubcca,-0.4322883894
sale,0.1655486114
considerably,-0.1037843224
oct,-1.6262108578
gee,0.5305223582
near,-0.6752345680
merits,0.7716844150
example,-0.8530209696
irresponsible,0.0785372344
odd,-0.2579350022
anticipated,-0.3269278737
neal,-0.6146099461
salt,1.3313002029
pound,-1.3077571267
thing,-0.2381323749
combinations,-0.6146099461
stockholm,1.4648315955
today,-0.7055817244
understanding,-1.5309006780
former,0.3149260125
purchase,-0.9510821828
objecting,0.0785372344
unprecedented,0.0785372344
throw,1.0593664874
england,-0.9330636773
area,-0.6435974830
style,0.9948279663
twoway,1.2571922308
formed,-2.1186873429
experience,-1.0564426984
employee,-1.0200750543
types,-1.1742257341
discipline,0.3662193069
employed,-0.3269278737
sides,-0.6146099461
screwed,0.4840023425
five,0.0785372344
happening,0.2608587912
still,0.1356956483
capable,-1.1452381972
win,3.2658077199
persons,-0.6146099461
reflecting,-0.6146099461
message,-1.0741422755
connecticut,0.9948279663
advertisements,-0.4322883894
stand,1.2681213013
mission,-4.7497765029
assumption,-0.6146099461
proposed,-2.1460863171
arrival,-1.0200750543
radioactive,0.0785372344
chapman,0.9948279663
paragraph,-0.4322883894
rotate,0.0785372344
inception,0.0785372344
court,-0.1037843224
anyways,0.5893628582
roughly,-0.3269278737
french,-0.5092494305
operation,-0.4069705814
break,0.6663238993
moderated,0.0785372344
says,-0.2316176939
central,-0.0839816951
curt,0.9948279663
fidonet,0.2608587912
ring,-0.7687606260
creating,0.3662193069
assists,1.9243639249
services,-3.0995165959
heart,1.3778202185
allan,1.7832853267
museum,-0.8377534975
third,1.5362905595
guaranteed,-0.1446063169
responses,-1.5309006780
include,-0.6659032405
gas,-2.0615289291
prime,0.4150094710
sitting,-0.6146099461
traffic,-0.8377534975
carolina,0.7716844150
operating,-1.7932649425
nevada,0.4840023425
preceded,0.0785372344
poster,0.7716844150
alltime,1.1771495231
measures,-0.1446063169
leghorn,0.0785372344
novel,0.0785372344
different,-0.8557720030
indiana,-0.3269278737
creation,0.5485408637
moment,0.3016807857
talent,3.0989621206
influence,-1.4255401624
horrendous,-0.3269278737
protect,0.3016807857
recover,-0.4322883894
variant,0.0785372344
posted,-0.6146099461
closer,-1.4255401624
mariners,-0.9022920186
heard,-0.0756134454
handed,1.4648315955
detailed,-2.7546761096
dollar,-1.4255401624
closed,-0.0549941582
cheaper,-2.4471914099
radical,-0.8377534975
similar,-1.8123131375
files,-1.4030673065
consecutive,1.8702967036
differ,0.4840023425
flight,-3.6748807408
persistent,0.0785372344
healthy,0.9948279663
uciedu,-2.4063694154
standing,1.1771495231
resemblance,1.3313002029
save,1.8702967036
count,0.1738474142
location,-1.2207457497
wales,0.9052158076
integrity,-0.3269278737
subtle,-0.3269278737
procedures,-1.4255401624
prior,-0.2091448380
flint,0.4840023425
tokyo,-0.6146099461
developing,-0.5092494305
official,-0.3914663948
centres,1.0593664874
certainly,-0.0612247080
republic,1.9880797393
champion,1.5826146312
returning,-1.4255401624
objective,-1.5954391992
bothers,0.0785372344
projecting,0.0785372344
liked,0.7716844150
heavy,-1.8185827505
machine,-0.0885168503
professional,0.5749741207
comparison,0.7716844150
statement,-0.6146099461
copies,-1.5309006780
ashton,1.8702967036
operate,-1.2207457497
pizza,0.7716844150
issues,-1.8185827505
likes,0.3662193069
called,-0.2613305912
stiff,0.0785372344
botched,0.0785372344
stick,2.6122340484
fixture,-0.3269278737
way,0.0499638620
clinton,0.6381530223
protecting,0.3662193069
believe,-0.4604592663
stage,-2.6514918734
network,-0.2824761111
war,-1.6560638210
risk,-1.6262108578
staff,0.8894674506
duty,-0.1446063169
tuned,-0.3269278737
humphrey,0.0785372344
driven,-1.4255401624
able,-0.3187645631
rise,-1.0200750543
deciding,1.3313002029
summaries,-1.0200750543
accessible,-1.1742257341
mixed,-0.4322883894
driver,1.4648315955
arms,0.0785372344
receive,-0.4069705814
commanded,-1.0200750543
audience,1.0593664874
standard,-0.7481413388
morris,0.3662193069
bruce,-0.2468851660
important,-0.7864602031
provost,0.0785372344
communists,0.0785372344
intent,-0.6146099461
print,-0.6146099461
organizational,-0.3269278737
geoff,2.0934402550
hidden,0.0785372344
intend,0.3662193069
fullfledged,0.0785372344
providence,3.4284413217
found,-1.0200750543
handle,-1.4255401624
wood,2.0244473835
hopefully,0.1963202701
assure,0.0785372344
meredith,0.4840023425
pride,0.5893628582
danger,0.3662193069
forward,0.5680854597
lifted,-0.3269278737
preparing,0.0785372344
serve,-0.6146099461
francis,2.6240685060
ends,1.3313002029
defined,-1.5309006780
honor,0.2326879142
terminology,0.0785372344
constraints,-1.0200750543
resend,0.0785372344
kitchen,0.0785372344
available,-1.2489166267
fyi,0.0785372344
astronomy,-3.9196634673
price,-0.3269278737
london,1.3313002029
wont,0.3662193069
coming,-0.0839816951
split,-0.6146099461
complain,0.1655486114
mutch,0.0785372344
excitement,0.9948279663
face,0.2120686270
referring,0.3662193069
next,0.5621671154
explosive,0.0785372344
penalties,3.3987655535
prohibit,0.0785372344
surrounding,-1.1742257341
survive,-0.6146099461
lapse,0.0785372344
motor,-1.1001177619
happy,0.2120686270
bernie,1.1771495231
belle,-0.3269278737
enforced,0.0785372344
caught,0.2608587912
notice,1.5826146312
hair,0.0785372344
surprises,0.3016807857
news,-0.0466259085
factor,-0.4680064720
surprised,-0.6146099461
checker,0.0785372344
angle,-0.7969315029
produced,-1.5309006780
familiar,0.0785372344
genie,1.3313002029
fact,-0.1244036096
endtoend,-0.3269278737
checked,0.9948279663
agree,0.8952983709
faces,0.0785372344
dreams,0.4840023425
minor,1.4418420773
inner,-0.0268232812
ejected,-0.6146099461
uwoca,1.8363951520
earthquake,0.0785372344
interviews,0.7716844150
candidate,-1.3877998344
served,0.3016807857
allen,-2.3853160062
goodies,0.4840023425
takes,-0.1578515437
hack,0.0785372344
faced,0.7716844150
scores,3.0989621206
varying,-0.6146099461
validity,0.3662193069
taken,0.1738474142
conference,1.2535225019
reports,-1.5019131411
overnight,-0.4322883894
inherent,-0.6146099461
demonstrate,-1.0200750543
victim,0.7716844150
dispute,-0.1037843224
billion,-3.6350348323
coffee,-0.8377534975
fun,1.1081566516
charged,-1.0200750543
hilger,0.0785372344
wasps,1.3313002029
size,-0.5879416991
receivers,-0.2091448380
angel,0.4840023425
hirsch,0.7716844150
christ,1.1771495231
vicious,0.9948279663
ftp,-2.8118345235
commercials,-0.4810785535
stainless,0.0785372344
require,-1.7132222348
foreign,-1.3077571267
remeber,0.0785372344
killing,1.1771495231
roads,0.4840023425
devoted,0.0785372344
result,-0.3632955179
dump,-0.3269278737
opposite,-1.0200750543
well,0.1890791088
knight,0.4840023425
fri,0.4840023425
realistic,-1.1742257341
dumb,0.7716844150
neatly,0.0785372344
geography,0.0785372344
facility,-2.0009043073
gotta,1.4648315955
supply,-1.1110468325
imho,1.0770660645
definite,0.4840023425
ryan,1.4002930744
rain,0.0785372344
sticking,2.0934402550
sweeps,0.0785372344
misunderstanding,0.0785372344
garcia,-0.3269278737
positions,-0.8087659606
supporting,-1.6706626204
grail,-0.3269278737
views,0.3662193069
determined,-0.8087659606
server,-1.5309006780
operations,-2.0732249688
serves,0.0785372344
specifically,-0.7099201260
subdirectory,0.0785372344
skills,1.7525136680
waste,-1.0200750543
flash,-0.3269278737
americans,2.5634438842
via,-1.6850513578
fox,-0.6146099461
doubling,0.0785372344
awarded,1.9503394113
falling,-1.4255401624
avoiding,0.0785372344
went,1.1771495231
ronnie,0.4840023425
unfortunate,0.7716844150
cover,-0.4920076241
fail,-1.7132222348
comparisons,-1.0200750543
watching,2.1579787761
file,-0.9022920186
youngsters,0.7716844150
groups,-1.9691556090
information,-1.9510719335
glad,1.9503394113
jettison,-0.3269278737
fascinating,-0.6146099461
compare,1.0901381461
guardians,0.0785372344
insisting,-1.6262108578
atmosphere,-3.5764406680
fair,0.0785372344
create,-0.3914663948
occasional,0.6381530223
hunger,0.0785372344
supervisor,0.0785372344
vomit,0.0785372344
locked,-0.6146099461
position,-0.2781377095
ground,-3.2172996316
org,-1.3428484465
trying,-0.6420089203
effective,0.2608587912
appreciated,0.4150094710
wanted,0.6381530223
norway,2.2757618117
character,1.0593664874
minds,-0.3269278737
dates,-0.5275985692
judge,1.2825100387
union,-0.6146099461
highly,-1.7132222348
weapons,-0.4810785535
crashing,0.3662193069
wired,0.7716844150
giving,0.1963202701
covered,-0.5092494305
frequently,-0.8087659606
purely,-0.0392458012
united,-1.3877998344
miracle,0.7716844150
desert,-0.6146099461
progressive,-0.3269278737
responsible,-0.5275985692
establish,-1.0200750543
saint,1.6879751468
suspended,1.1771495231
secretary,0.0785372344
cares,1.7832853267
cmuedu,-0.8659243744
article,-0.1125180024
industrial,-0.7323929818
victor,-0.2091448380
acknowledged,-0.8377534975
fall,0.3121520856
terminated,0.0785372344
cloud,-2.6460422686
clearly,0.6975764428
uwsuperior,0.4840023425
old,0.0785372344
grant,1.5544437542
separating,-0.3269278737
answers,-1.0200750543
workers,0.3016807857
race,-1.1001177619
clueless,0.7716844150
methinks,-0.6146099461
silly,0.7716844150
please,-0.6146099461
humour,-0.2091448380
grand,-0.1037843224
three,-0.1300075175
returns,-1.3077571267
positive,0.0785372344
work,-1.2564638323
curiosity,0.4840023425
worn,0.0785372344
letter,0.5893628582
utorontoca,2.2380214838
fins,0.0785372344
pacific,0.5893628582
heavily,-1.4255401624
threw,-0.3269278737
fly,-2.5605200952
program,-3.5105218844
company,-2.4471914099
conditional,0.4840023425
fighting,2.6812269199
even,0.2466741562
word,-0.3269278737
management,-0.4222380535
passing,-0.7969315029
west,-0.4475558615
ever,0.0393165213
jeremy,-0.7687606260
firing,-0.2091448380
allow,-0.8377534975
intention,1.3313002029
feared,0.4840023425
fans,3.7095227101
one,-0.1285029093
contained,-1.1742257341
fin,2.3811223274
recent,-1.1110468325
flame,0.4840023425
minute,1.2486084871
brute,-0.8377534975
fit,-1.2432186056
officer,-0.4322883894
von,1.0901381461
offices,-0.6146099461
announcements,0.0785372344
york,0.3121520856
perfect,-0.0084741426
pulled,0.7716844150
fine,0.0785372344
lists,-0.4604592663
find,-1.0400757210
wheat,-0.3269278737
film,-0.3269278737
profit,-0.1727771939
rice,0.7716844150
backers,-0.6146099461
rich,1.0901381461
separation,-1.4255401624
decade,-0.7323929818
fill,0.2608587912
families,-1.1742257341
berkeley,0.6381530223
publication,-1.7132222348
safety,-2.5956114150
continue,0.0213788206
assume,-1.0741422755
channel,0.8894674506
periods,0.8517271226
thats,-0.6146099461
ralph,1.0593664874
particular,-2.2240478586
mcdonalds,0.0785372344
academic,-1.5309006780
time,-0.1164627806
married,0.0785372344
refer,-0.2579350022
duties,0.3662193069
video,0.7716844150
opened,1.1771495231
defending,0.4840023425
host,1.3313002029
alway,-0.3269278737
shown,0.5749741207
wide,-0.8659243744
ratified,0.4840023425
shows,0.1273273986
pocket,0.0785372344
lined,0.0785372344
wealth,-0.6146099461
lines,0.5411607564
reacquired,0.0785372344
existed,0.0785372344
ales,0.0785372344
faculty,-0.3269278737
gordon,0.0785372344
practise,0.0785372344
artic,0.0785372344
queen,0.4840023425
prospect,0.3662193069
namely,0.3016807857
partly,0.4840023425
recognize,0.3662193069
emphasis,-0.3914663948
senators,2.6434865919
noting,0.0785372344
lived,0.0785372344
bate,0.0785372344
coherent,-0.3269278737
member,0.0785372344
noone,-0.3269278737
bars,0.0785372344
increasing,-1.1254355699
meaning,-0.0756134454
hour,-0.9629166404
till,1.4648315955
compensation,1.1771495231
standards,-2.1727545642
benoit,0.4840023425
utility,-0.6146099461
introduced,0.4840023425
base,-2.1832258641
public,-1.5796908422
transactions,-0.3269278737
computational,0.5893628582
competent,-0.3269278737
competetive,0.0785372344
anywhere,-0.1446063169
qualify,0.4840023425
crumbled,0.0785372344
bounce,0.9948279663
fate,0.0785372344
kiss,0.0785372344
software,-2.8006612229
band,0.0785372344
terminal,-0.6146099461
grapes,0.4840023425
scramble,0.0785372344
dramatically,-0.3269278737
bank,-0.9022920186
overall,0.4840023425
tank,-2.4063694154
brighter,-0.8377534975
devote,0.0785372344
bang,-0.6146099461
concessions,0.7716844150
primarily,-1.7132222348
materialize,0.0785372344
dad,-0.8377534975
hook,0.0785372344
seemingly,0.3016807857
flames,4.0103628671
vital,0.4840023425
definitive,0.0785372344
releases,-1.0200750543
mandatory,0.0785372344
dat,-0.6146099461
factors,-1.7932649425
items,-0.9022920186
names,1.6589876100
determining,-0.8377534975
dan,2.0244473835
fictional,0.0785372344
day,-0.8065009540
fast,-1.0200750543
extending,-0.8377534975
large,-1.3332904287
hope,0.5114013167
insurance,0.5893628582
named,-0.1550776168
mcdonnell,-2.2728380228
van,1.2373180445
bill,-0.0450767216
evidence,-2.1901463069
implies,0.3016807857
fare,0.0785372344
farm,1.2825100387
lights,-1.5309006780
author,-1.7132222348
predominant,-0.8377534975
complaint,0.0785372344
las,-0.6146099461
talk,0.2833316471
complains,0.4840023425
calendar,-1.4255401624
law,-1.2207457497
winners,1.6879751468
lessons,-0.6146099461
april,0.1822156639
ethan,-0.6146099461
obviously,0.3662193069
cable,0.4352121784
thousand,-1.4619078065
photos,-1.7132222348
great,0.6975764428
folks,0.3298516627
source,-1.8185827505
take,0.5318583637
lbs,0.0785372344
cup,4.5615397864
appearance,-0.8377534975
improves,0.0785372344
reason,0.1817214706
otherwise,-0.3567808368
oliver,0.4840023425
improved,0.5710137195
given,-0.5983494253
rotation,-1.5309006780
respond,-0.3914663948
sixth,0.4840023425
consists,-0.8377534975
mentions,0.4840023425
carry,-0.4139392507
wimp,0.4840023425
holes,-2.2885863797
entering,-0.6146099461
wild,-0.7481413388
sixty,0.0785372344
numerous,-1.5309006780
jordan,-0.2091448380
hold,-0.2316176939
regarding,-0.6836028176
distribution,-2.1460863171
harvey,0.4840023425
unofficial,0.0785372344
openly,0.0785372344
acns,0.0785372344
shoot,0.9540059718
amusing,-0.3269278737
jesus,1.5826146312
recorded,-1.3077571267
ought,-1.1742257341
holds,-0.7323929818
heading,0.5893628582
incident,0.0785372344
virtual,-0.2091448380
credibility,-0.6146099461
getting,0.5138553057
home,1.2657029204
accident,0.0785372344
bigger,-0.3269278737
announce,-0.2579350022
aspects,-2.2240478586
tape,0.0785372344
holy,0.5893628582
quit,0.0785372344
short,-0.9199915957
clear,0.0044292623
holt,0.0785372344
thank,0.7716844150
explaining,-0.2091448380
accomplishments,-0.3269278737
guiding,0.4840023425
clean,-1.2432186056
visiting,-1.0200750543
probability,0.0785372344
alpo,0.9948279663
hole,-0.9629166404
alot,0.6175337351
scooped,0.0785372344
articles,-1.8673729146
dozen,0.3662193069
green,0.0340854718
acme,0.0785372344
dangerous,0.0785372344
master,-0.6146099461
extraordinary,0.0785372344
proclaimed,0.0785372344
okay,0.7145260011
method,-0.5092494305
partially,-0.1037843224
cut,0.0377152399
settle,1.6879751468
vegas,-1.0200750543
overworked,-0.6146099461
stated,-1.1452381972
follows,-0.1626248224
fired,0.6091654855
levelled,0.0785372344
intense,0.5893628582
ranger,0.2503874913
honest,-0.2091448380
uncedu,-1.8673729146
related,-2.2240478586
postage,-0.3269278737
potentially,0.0785372344
schools,0.2608587912
family,-0.4322883894
request,-1.9583446928
useful,-1.0499280174
applications,-2.8918772312
recurring,0.0785372344
miller,1.6471531523
argument,-0.6836028176
asking,0.3662193069
minus,1.2416880442
decreased,-0.6146099461
consist,0.0785372344
assist,-0.4139392507
depth,1.4648315955
clubs,1.8702967036
kidding,0.0785372344
arrive,-0.8377534975
amounts,-1.2207457497
winter,0.2326879142
strong,0.4352121784
lives,0.4840023425
leslie,0.0785372344
tiny,-1.6262108578
commonwealth,-0.3269278737
sutton,0.3662193069
synonymous,-0.3269278737
feeding,0.9948279663
writing,-0.6146099461
wondering,-0.5500714250
virtues,0.4840023425
subset,0.0785372344
seal,-0.6146099461
nonsense,1.0901381461
automatically,-0.6146099461
wilson,1.1771495231
marquette,0.7716844150
morgancom,-0.1446063169
building,-0.6146099461
gives,-0.4520910167
task,-0.3914663948
boxes,0.9948279663
database,-1.2207457497
uwe,-0.3269278737
convenient,0.0785372344
abilities,1.0593664874
wife,-0.1446063169
mcgill,2.6812269199
marshall,0.0785372344
also,-0.6815494288
satisfied,-0.2091448380
complaining,0.0785372344
cope,-0.3269278737
yellow,0.3662193069
garbage,-0.3269278737
eyes,-0.5405019740
approved,-0.1037843224
ivan,0.0785372344
interest,-0.5500714250
along,-0.0549941582
commission,-0.8377534975
alone,0.5893628582
supplier,0.0785372344
bureau,-1.7132222348
assembled,-1.1742257341
stanfordedu,0.0785372344
copy,-1.7932649425
cool,0.3662193069
cook,0.8669945948
reviewing,0.0785372344
lying,-0.6146099461
contents,-1.1254355699
waiting,0.4150094710
always,0.6175337351
colleagues,0.0785372344
log,-0.7323929818
entities,0.0785372344
convince,-0.1037843224
neglected,0.0785372344
sunday,1.7525136680
los,1.5025719235
lot,0.4371710428
examples,-1.1001177619
low,-0.7438216776
ugly,0.7716844150
taxi,0.0785372344
archives,-0.8377534975
littman,0.9948279663
advertising,-1.8432753631
states,-0.9330636773
use,-1.4826985762
difficult,-0.6146099461
usa,1.0633906377
captain,3.0989621206
designed,-2.5364225436
agreements,0.4840023425
suits,-1.6262108578
holder,0.4840023425
lifetime,-1.1254355699
back,0.2742818115
come,0.4517414803
pennsylvania,0.0785372344
alexander,2.0244473835
seen,0.1738474142
seem,-0.3543268479
summing,0.0785372344
material,-2.6623027895
cnn,-0.6146099461
seek,-0.6146099461
handful,0.0785372344
fights,1.8702967036
talking,-0.0612247080
either,0.1155785061
upcoming,-0.3734478893
presence,-0.9022920186
fairbanks,0.4840023425
feeling,1.5448743032
practice,-1.5309006780
original,0.1391618562
south,-0.5405019740
defend,-0.6146099461
col,0.7716844150
com,0.9635754228
cos,0.0785372344
supposed,-0.2091448380
ended,-0.1838270301
meantime,0.0785372344
science,-2.4538359526
robin,-0.4322883894
nevertheless,0.0785372344
courtesy,-0.8377534975
values,-1.6262108578
dryden,-1.1742257341
sees,-0.8377534975
strengths,0.0785372344
lunch,-0.9022920186
chicago,3.3556819674
colonists,0.0785372344
burned,-0.8377534975
levine,0.0785372344
tells,-0.1037843224
select,-0.7687606260
explanation,-1.2207457497
hundreds,-1.3683817485
period,2.2409756957
cost,-2.0732249688
sweep,0.9258350948
modified,-1.3077571267
december,-0.8659243744
percentages,0.9948279663
battle,1.3313002029
joseph,2.0934402550
sound,0.0785372344
english,-1.6262108578
ltd,-0.8377534975
generate,-1.5309006780
corp,-2.0009043073
setting,-0.5092494305
federal,-1.3077571267
henry,-2.6940514878
inspire,0.4840023425
blake,1.3313002029
microelectronics,0.0785372344
regular,1.2825100387
percentage,0.8204745791
thus,-0.4322883894
resulted,-0.2091448380
camera,-1.7132222348
natives,0.0785372344
unit,-1.9024642345
univ,-0.6146099461
registered,0.0785372344
regional,0.0785372344
changing,1.4002930744
increase,-0.9330636773
monkey,0.4840023425
person,-0.3443196164
announces,-0.3269278737
ties,1.3313002029
house,-0.9510821828
corporation,-1.8185827505
existence,-1.6262108578
avoid,-0.8769742106
umd,-1.3683817485
income,0.3662193069
gathering,-0.3269278737
inexpensive,-0.8377534975
focus,-0.6146099461
nights,1.7832853267
heels,0.0785372344
blame,1.0340486794
trevor,1.5826146312
strategies,0.9948279663
crews,-0.3269278737
contributors,0.3016807857
million,-1.0060888123
extra,-0.7969315029
hours,-1.3973692854
greedy,0.3662193069
cdt,-0.3269278737
inappropriate,0.7716844150
goal,2.5188117302
huge,-0.6554319407
bait,0.9258350948
logical,-0.4322883894
announced,0.6916417073
stopped,0.5203699867
replies,0.4840023425
improvements,0.0785372344
utilize,-0.2091448380
tied,2.5062854704
dislike,1.1771495231
mailing,1.3442036077
cents,0.4840023425
remove,0.0785372344
criticized,0.0785372344
self,-1.1742257341
gods,-0.4810785535
fairly,-0.4968269105
according,-0.5456170747
modern,-2.0615289291
believed,-0.9022920186
sell,-0.2237436375
capacity,-0.7099201260
believes,0.0785372344
millions,-0.5405019740
uncertain,-1.3077571267
ball,0.0785372344
anthony,0.0785372344
post,0.4184050600
blank,0.7716844150
cases,-0.6146099461
let,0.9907379810
remarkably,0.0785372344
leo,-2.3638098010
return,-1.3800777883
leg,1.3313002029
lee,-0.3269278737
russia,0.5640450502
led,1.3594710799
compiled,-0.3269278737
radio,-1.1536064469
twothirds,-0.3269278737
stores,-0.3269278737
allowed,0.5411607564
debbie,0.7716844150
phone,-1.0200750543
concentrate,-0.6146099461
alan,0.2120686270
send,-0.4604592663
bothered,0.0785372344
alas,-0.4322883894
newsgroups,-0.3914663948
remote,-2.9171950391
attitudes,-0.3269278737
together,-0.0933130225
sent,-0.3383565695
cold,-1.4619078065
cole,1.8702967036
rebound,2.5208842698
saturday,1.8131382898
effectively,0.5893628582
goes,0.2947603429
genius,0.7716844150
status,-1.2023966111
howl,1.8702967036
format,-1.0200750543
chose,0.4840023425
stable,-1.1001177619
disappointed,1.1771495231
junior,2.2186033979
formal,-0.6146099461
powered,-2.1727545642
graham,0.9948279663
match,0.9658404294
suite,-1.1742257341
output,-0.6146099461
barrel,-1.0200750543
finnish,2.7175945640
highest,-0.2781377095
convert,-0.0549941582
purpose,-1.2207457497
solution,-0.7687606260
afterward,0.7716844150
goahead,-0.6146099461
pool,2.5634438842
cis,-1.0200750543
couple,0.6381530223
participate,-0.3269278737
availability,-0.4322883894
pressure,-0.6146099461
definition,0.5485408637
evaluating,0.0785372344
poor,-0.1446063169
merger,0.0785372344
signatures,0.7716844150
around,-0.1998424454
sheets,-1.5309006780
adam,1.8131382898
chances,1.8277370892
instead,0.2608587912
prices,-0.8087659606
significantly,-1.3077571267
started,0.7486948967
missed,1.1771495231
first,0.2145262346
bags,-0.6146099461
lie,-0.3269278737
causing,0.0785372344
communities,-0.6146099461
controlling,0.0785372344
lawn,0.4840023425
threat,-0.3269278737
accounting,-0.3269278737
explained,-0.2579350022
triumph,0.4840023425
thread,-1.0846135754
boring,1.4648315955
slow,-0.2781377095
choke,0.4840023425
converting,-0.8377534975
tipped,-0.3269278737
capitalize,0.4840023425
sleep,0.4840023425
entertaining,0.4840023425
struggle,0.7716844150
ratio,-2.0615289291
geez,-0.3269278737
origins,0.0785372344
eat,-1.1254355699
review,-0.4139392507
austin,0.0785372344
disappearance,-0.3269278737
wisconsin,0.3016807857
anderson,1.2825100387
mac,-2.1727545642
imagination,-0.3269278737
kevin,2.3472207757
measuring,-0.3269278737
guns,0.0785372344
mad,0.4840023425
leave,0.0785372344
sufficiently,0.0785372344
map,-2.4063694154
write,-0.7323929818
debate,-0.4604592663
widefield,0.0785372344
mar,-2.1727545642
mclean,1.8131382898
evening,-1.1254355699
man,-0.7816640308
checking,2.7175945640
may,-0.5916204279
max,-1.3877998344
sounded,0.0785372344
starts,-0.1037843224
sfuca,1.7832853267
volume,-2.0732249688
successful,-1.3385287854
lazy,0.4840023425
jacques,1.5826146312
expression,-0.3269278737
least,-0.0885168503
revealed,-1.5954391992
captured,-1.1742257341
spite,-0.3269278737
award,1.1771495231
aware,0.0785372344
balance,-0.2091448380
conduct,-1.0200750543
would,-0.2522471092
unlike,0.7716844150
future,-0.1340242076
consisted,-0.6146099461
approximately,-2.0009043073
unbca,1.7832853267
forced,1.4648315955
financial,-0.5405019740
strides,0.0785372344
thursday,0.8323090368
begins,-1.1742257341
learn,-0.1291021304
replaced,-0.1037843224
posting,-0.1125180024
educational,-1.3077571267
bonus,0.0785372344
marcus,0.5893628582
internet,-0.5092494305
straight,0.8586957920
acceptable,-1.4255401624
remember,0.4462620145
inferior,0.4840023425
chosen,1.3778202185
financially,0.0785372344
met,-0.1446063169
headed,0.0785372344
knocked,1.8702967036
edt,0.7716844150
men,0.2216380781
trip,-1.1742257341
edu,0.1097897779
parallel,-1.3077571267
uniform,0.4840023425
makes,0.0421695902
glory,0.7716844150
ahead,0.5380695638
elbow,0.7716844150
meeting,-0.5275985692
numerical,-0.3269278737
kennedy,-0.4069705814
nobody,0.7203911206
daniel,0.5305223582
street,-2.0009043073
determine,-1.7932649425
rights,-1.1536064469
ville,0.9948279663
verified,0.3298516627
burns,0.9948279663
darman,0.078537